tournamentId,tournamentName,blackPlayerId,blackPlayerName,whitePlayerId,whitePlayerName,blackScore,blackTheoreticalScore,transcript
433,Brasil Quest,3593,Correia Vitor Paie,3456,Dairokuno Mitsuru,7,0,f5d6c3d3c6f4e3c5f6e6e7f3c4e2f1d1g4g3d7h4h2g5h5h3d2h1g2h6f2b3b4g1a3e1c2c1g6h7h8b1f7f8a5b5a6b6g7g8e8d8c8b8c7a7b7a8b2a1a2a4
433,Brasil Quest,3728,Issa Rodrigo Edelto,3461,Correia Jr. Moises,28,33,f5d6c3d3c4f3c5c6f4g3d2e3e6e7f6g4f7d7e2g5g6h6e8d8c8c7f8b5b8f2b4b6h2h4f1c1e1a4b3c2a2a3a5a7h5h3h7h1g7g1g2d1b2a1a6b1a8b7g8h8
433,Brasil Quest,3458,Fritsch Evans,2255,De Camargo Lucas,9,23,f5f6e6f4e3c5g4d6c4g5e7f3d7d3g3h4d2d8f8c8f7e8h6g8g6c6f2b3h3h5b5c3a3e2e1c2b4c1c7b8d1f1g2h1g1h2g7h8b1h7a1b2a2a4b6b7a6a5a8a7
433,Brasil Quest,2255,De Camargo Lucas,3458,Fritsch Evans,27,43,f5f6e6f4g4e7f7g5e3d3h5g6f3h4g3c5d6f8h3e2c6c4d7f2b5c8h6a6a5b6b4c7c2d2c3a4a3b3a7c1b7g7a2g2h1h2e1a8h8h7g8a1b1d1b2e8d8b8g1f1
433,Brasil Quest,3512,Paie Correia Rafael,3684,Kitada Paulo Cesar,18,15,f5d6c5b6b5f6e6f4g5h6h5h4c6g6g4e7a6h3f7f8e8d8g3d7c7b4f3a4c4h2a3a2g7c8g2b8e3g8b7c3d3a8a7a5b3h1g1f1e2f2d2e1d1c1c2b1b2a1h7h8
433,Brasil Quest,2506,Briante Pires Marco,3455,Marden Gabriel,36,41,f5d6c5f6e6b6d3e3c4f4f3e7b5b3c3a5g4h3c6d7c7d8c8b8g5h4h6g6f8f7a4a3a6b4g3a7g8h2g7f2h5h8h1e8h7e2d2d1c2c1g1g2f1e1b1b2a1a2a8b7
433,Brasil Quest,3684,Kitada Paulo Cesar,3512,Paie Correia Rafael,46,40,f5d6c7d7c6b6c5b4a6b5a5c8e8c4e6e7e3a4a3b3d3c3d2d1a2c2f8f2f3e2f1f4f6g4b1f7g8c1e1g2g1g7h1h2h3h4g3g5h5g6h8h7h6a7a8b2a1d8b8b7
433,Brasil Quest,3455,Marden Gabriel,2506,Briante Pires Marco,20,37,f5d6c3g5e6f4c4c5f6d3c7b4c6b5a4a6b3c2a3a5a7b6d1d7d2c8e2b1c1e1f7e7f8e8e3g6g3g4d8g8f3b8h4f2g1b2h5h6h7f1a1a2g2h1g7h8h3h2b7a8
433,Brasil Quest,3456,Dairokuno Mitsuru,3593,Correia Vitor Paie,52,50,f5f6e6f4e3d3f3d2e2f1c5c3c4d7g4f2g3d6c6h5h4g5h6b3d1h2b4a5c1c2b1g6h7b5f7e7e8g8c8c7f8g7h8g2h3b2h1g1e1d8a1a2b8b7a3a4a7a8a6b6
433,Brasil Quest,3461,Correia Jr. Moises,3728,Issa Rodrigo Edelto,35,21,f5d6c3d3c4b5e3f4f3g5c6g4e6f6c5e7g3d7h4b4e8f7h5h2f2f1e2h6e1d1f8h3a6a4d8c7c8b6g6g1a3d2a5b3a2h7c2c1b2a7a8b8b7a1b1g7h1g2h8g8
433,Brasil Quest,3458,Fritsch Evans,2255,De Camargo Lucas,21,24,f5d6c3d3c4f4c5b3c2b4e3d2b5c6d1e2b6f3e1a5d7f2a3a4a6e7e6d8c7f6c8f7e8f8a2b8g5b7g6f1g1g3g4b1h3g7h7g8a8h8a7h6b2h4h5h2g2h1c1a1
433,Brasil Quest,3456,Dairokuno Mitsuru,3593,Correia Vitor Paie,48,41,f5f6e6f4e3c5c4d2e2d3f3f1c3b5c2b4c1e1b3d7a4f2d6a2a6a5a3c7a1b1e7b2d8c8b8c6g5h5f7e8f8g4b6b7h4g6g3h3h7g7g8d1h8a7a8h6h2g2g1h1
433,Brasil Quest,3593,Correia Vitor Paie,3456,Dairokuno Mitsuru,19,24,f5d6c4d3c6f4e2c5f3e3d2c3d7e6b4c7b8d8f7f6g6d1e1f1c2g5h5a4e7f8e8c8b6a8a5c1b5a3b7a7a6h4g4h6b1b3b2f2g3h3h7h8g8g7h2h1g2g1a2a1
433,Brasil Quest,2506,Briante Pires Marco,3455,Marden Gabriel,48,58,f5f4e3f2c4c5d3d6e6b4c3e2d2c1g4c2f3g3d1h4g5e7f6f1e1h5g6h6h2h3h7g7h8f7d8d7c6b5g8c7c8f8e8b8g2b3b2b6a6a1b1a2h1g1a3a4a5a7b7a8
433,Brasil Quest,3455,Marden Gabriel,2506,Briante Pires Marco,25,14,f5f6e6f4g4e7f3e3f7g5e8f2d3d6c5c4d7g6c3c6b5d2h6h5e1f8e2c1d1f1g8c2h4b4a4b3g2g3h2h1g1h3a3h7b2c7b6d8c8a1b1a2g7h8b8b7a8a7a6a5
433,Brasil Quest,3728,Issa Rodrigo Edelto,3461,Correia Jr. Moises,6,6,f5d6c3d3c4f3c5e6f4e3f6c6f7e7d8g3g4h5d7c7b8c8g5a8h4e8h6f8h3b5b7a7g6b4a4a5b6a3b3a6g8h8g7a2b2a1d2d1b1c1c2h7e1f1e2f2h2g2g1
433,Brasil Quest,3512,Paie Correia Rafael,3684,Kitada Paulo Cesar,44,32,f5d6c5f4e3g5f6e6h4h6f7f8g6h7e7d2f2c3d3c2c1c4f3f1g3e8d8c8c6d7c7g4e1b8b4a3e2b3a5b5a6b6g7h2a7d1g1h8g8h5h3g2a8b7a4b2h1a1b1a2
433,Brasil Quest,3684,Kitada Paulo Cesar,3512,Paie Correia Rafael,55,56,f5f4g3e6f3e3d6h3f6e7f8e8d8c7d7f7c8c6c5b5a4b6b4a5a6a3a2b7d3c4b8c3g4g5h4h5g8g6c2b3a8d1a7e2e1h6g7h8h7d2c1h2g2h1g1f2f1b2b1a1
433,Brasil Quest,2255,De Camargo Lucas,3458,Fritsch Evans,49,49,f5f6e6f4d3c4e3c5d6c3g3d2g5g6f3f2g4h6h5f7e2e1f1g1c6e7d7d8c7h4c8b8b5b4d1c1b6c2a3a6a5a4e8f8a7g2h1h2h3b7a8g8g7h7h8b3b2b1a2a1
433,Brasil Quest,3461,Correia Jr. Moises,3728,Issa Rodrigo Edelto,46,61,f5d6c3d3c4f4f6f3e6e7f7c5e3b4e8g5g6f2g4g3e2h4h5g8f1d2h3d7c8d8f8e1h8h7h6g7c7g1c6b6b5a5c1c2b1b7a3b3a2g2b2b8a8h2a7a1d1a4a6h1
423,Copa (Brasil),3456,Dairokuno Mitsuru,3461,Correia Jr. Moises,9,39,f5d6c3d3c4b3c5c6d7e3d2f4e2e6f3f6e7f7c7g5g4f8e8d8c8b6h5b8g6d1c1b1c2e1b4a3b5a6a4a5f1g1f2h3h4g3h2a2b2a1g8h8g2h6a7h1h7b7a8g7
423,Copa (Brasil),3458,Fritsch Evans,3456,Dairokuno Mitsuru,32,17,f5d6c6f4e6g5e3f6g3c5g4e2f3h4h3g6e1d3f7d2b5f1f2d1c1b1c2d7c7g1h5b3c8a5c4e7c3d8e8b6b4a4a7f8a2a6a3h7b7b8g7h8g8h6a8h2g2b2
423,Copa (Brasil),3728,Issa Rodrigo Edelto,3456,Dairokuno Mitsuru,6,14,f5d6c3d3c4f4f6f3c5e6e3e2g4c6d2g5e1g6g3f2h6h5f1h7h4h3c7c1e7h2c2f7g8b1g7b4a3h8b5f8b2a1b3a2a4a5b6d1g2e8d7a6h1d8a7b7c8a8b8g1
423,Copa (Brasil),3684,Kitada Paulo Cesar,3461,Correia Jr. Moises,47,31,f5d6c3d3e3f6c4f4g4f3g3h4h5h6g5h3g6e6c5b4c7h2d7h7f7e8b6b5c6e7a6d8f8c8b8a4b3f2f1e1d1e2d2c1b1c2a2a5a3b7g1g7a7b2g8g2a8h1h8a1
423,Copa (Brasil),3684,Kitada Paulo Cesar,3483,Tubero Jesualdo,11,20,f5f6f7e3d3g5e6d7e2e7e8d8c8d6h4f4g4g3f3e1h3h6c7g6d2h5h7c2f2c4b4b5b1a4c1c5a5a6c3f8g8d1f1b3a2g1c6a1a3b2g2b6a7a8b7b8h1h2g7h8
423,Copa (Brasil),3458,Fritsch Evans,3684,Kitada Paulo Cesar,21,40,f5d6c6b6d3f4e6f6e7d8d7c8f8c7f7c5c4f3e3f2a6c2e8g8b5a4b4a3b3c3g6h5g5h4g4h3c1g3d2d1e1e2f1a5a2b7h6h7g2g7a8h1h2g1b8a7b2b1h8a1
423,Copa (Brasil),3684,Kitada Paulo Cesar,3728,Issa Rodrigo Edelto,57,57,f5f6f7f4f3g5e6d7d6e7f8c6h5h4h3g3c8f2g4c5h6g6h2d3e3e2f1d2c7d8e8g2e1g1d1c3h1c2c1b8b1g8h7c4b5g7h8a5a8b2a1b4a4a6a7b7b3a2a3b6
423,Copa (Brasil),3461,Correia Jr. Moises,3483,Tubero Jesualdo,16,31,f5f6e6f4e3d3f3d2c4b4e2f1c5c3c1c2b3a4a3a2d1g3f2a5h3d7g4b5d6e7c6b6a7c7g5h4h5g6e8g1d8h6h7f7f8e1b2g8b7c8g7b1g2h1b8a8h2h8a1a6
423,Copa (Brasil),3461,Correia Jr. Moises,3511,Ceorlin Gilberto,46,39,f5d6c3f4f6d3e3f3g3e6c4g5g6d2c5h3c2h6g4h4h5b4d1c6b3a3e2f2a4a5b5a6b6a7c7b8f7f8e8d8c8b7a8c1g8e1a2g7f1d7e7g1h8g2h7b2a1b1h1h2
423,Copa (Brasil),3728,Issa Rodrigo Edelto,3461,Correia Jr. Moises,24,36,f5d6c5f4d7f6d3c6c7c3e3c4b5b6b4e6a5a6b3a4g6f3g5g3f2f1h3h4h6h5g4c8e7f8f7e2c2d2c1a3e1d1g1g8e8d8b1b2a7a8a1a2b7b8g2g7h8h7h1h2
423,Copa (Brasil),3727,Issa Daniela,3461,Correia Jr. Moises,17,5,f5d6c4d3c5f4e3c6e6f3d2b5e2b4b3e1c3g5g6f6g3h6b6g4c7h3e7f7h7h8f2g7d7f1h5h4f8g8g2e8h2h1g1d8d1c2c8c1b1a1b8b7a8a7a6a5a4b2a3a2
423,Copa (Brasil),3728,Issa Rodrigo Edelto,3483,Tubero Jesualdo,17,27,f5f6e6f4e3d3f3d2e2f1g3h3f2e1g4g5c2c4c3b3d1c1b4g6h4h5f7f8a2a5a4b5a6a3c5a1b1b2h7a7e8d8g2e7d6d7c6g8g1h1h2h6g7h8c8b8b6c7b7a8
423,Copa (Brasil),3458,Fritsch Evans,3728,Issa Rodrigo Edelto,46,63,f5d6c6f6d7c5e6f7e7f8g6b6d8g5f4g3f3h6c7e3h4b8a6g4h3a5a4e8c8b5a8b7c4b4a7d3g8g7a3b3a2h5f2c3d2c1h8e2h7f1c2g2h1h2g1b2a1b1d1e1
423,Copa (Brasil),3458,Fritsch Evans,3512,Paie Correia Rafael,28,59,f5f6e6f4e3d3f3d2c4b5e2c3c5e7c1d1a5a6b4b3a7d6a4a3a2e1c2g4b6b1h4h3h2g5c6c7f2g3h5g6e8f7d7f8g8d8c8b7g1g2h6g7b2h1f1a1a8b8h7h8
423,Copa (Brasil),3456,Dairokuno Mitsuru,3511,Ceorlin Gilberto,59,51,f5d6c3g5e6d3c4f4f6c5d2d1e3f3g6h6g4b4c6f2h5e2e1f1g3c7c1c2g1h4h3h2b1b2a1b3a2b5a5a6a7a4a3b6c8b7d7b8a8e7d8g2e8h1h7g7g8h8f8f7
423,Copa (Brasil),3511,Ceorlin Gilberto,3458,Fritsch Evans,20,22,f5f6e6f4d3c5e3f3g5g4h4h5h6g3d6g6h3c2c3d2c1f2c4c6f1d1e1b4a4b5a5b6a6e7e2a3b3a7e8c7d7d8c8a2b7a8b8f7f8g8g7h8h7h2b2a1b1g1g2h1
423,Copa (Brasil),3461,Correia Jr. Moises,3456,Dairokuno Mitsuru,21,24,f5d6c3d3c4f4f6f3e6e7f7c5d2e3e2f2e8e1g4g3d1h4h5h6g5c1g6f8g8d7c2h3b5a5b4d8c8b6c6a4g1h7a3b1b3a2a7b2h2h1a1a6f1c7b8a8b7h8g7g2
423,Copa (Brasil),3512,Paie Correia Rafael,3511,Ceorlin Gilberto,48,53,f5d6c5f4d7d8d3e3f3g5c4b5b6d2a5b3e2e1c6a6a7e6c3g3g4h4e7e8f8g8f6f7c7c8f2f1h3h2h5h6g6h7d1c1b7a8b8a4c2b4h8b1g7g2a3a2h1g1b2a1
423,Copa (Brasil),3458,Fritsch Evans,3461,Correia Jr. Moises,24,12,f5d6c6f4e6f6e3c5d3c3g3g4f3f2e2h4h3h2b5c7f1d2d7e1c4g1d1c1c2a6a4h5b4b1g5h6g6h7c8f7g8e8g7e7g2h8f8d8b2h1b6a7a1a5a3b3a2b7a8b8
423,Copa (Brasil),3461,Correia Jr. Moises,3512,Paie Correia Rafael,46,57,f5d6c5f6e6b4c4e3d3e7f4g5f3e2g4h5d2g3c6b3c3d1f1f2d7c2h3b5e8b2f7f8g8c7g1h4h6g6d8g7a5b6h7g2h8c8b8b7h2h1a8a7a6e1a4a3c1b1a2a1
423,Copa (Brasil),3456,Dairokuno Mitsuru,3458,Fritsch Evans,37,31,f5f6e6f4e3d3f3c5c3e2c4b4b3c6d6b5d2a3g3d1f2h3a5a4a2b6g4e1c2c1f1g1a6g6g5h6f7f8h5h4b2c7d7c8e7e8d8b7a7a1a8b1b8g8g7h2h1g2h7h8
423,Copa (Brasil),3512,Paie Correia Rafael,3456,Dairokuno Mitsuru,24,12,f5d6c5f4d3e3f6e6f7e7c6g6h6d7f8c7e8c8g5g4f3g3h4h5h3b6a6d8b8g7h8g8h7a8f2e1e2f1a7c4b7d2a5c1c2b4b5a4c3b3a3a2d1b1h2h1g1g2a1b2
423,Copa (Brasil),3511,Ceorlin Gilberto,3461,Correia Jr. Moises,18,17,f5d6c5f4f3e3c4c3d3c6e6d2b4b5d1a4d7e8b6e7c2f6c7b3a6a5a3e2f2e1f1b1c1g1f7d8c8b8g2h1h2h3g3h4b7g4g5a8a7a2b2a1h5g6h6h7h8f8g8g7
0,Diverses parties,3713,Kurniawan Samuel He,3729,Goh Li Fan Shawn,26,34,f5d6c5f4e3c6d7f6e6d3f3c3c4e2g5e7g6f7c7h4g3d8c8h3h5g4h2b3b4a4d2c2f2h7e1d1g2b5b6e8a5a6a3a2b7f1c1b1f8a8a7b8g7h6h8g8a1b2g1h1
0,Diverses parties,3713,Kurniawan Samuel He,2869,Koh Bo Chao Alex,30,27,f5d6c5f4e3c6d7e6f6d3c7g5e7b5g6f7e8f8h5d8g4e2a4c8b6g3b4h3f3c4e1h6h7a5d2f2b3a3a6a7b7a8b8h4g7c3h2f1d1c2c1b1b2h8g8h1g1g2a1a2
0,Diverses parties,2869,Koh Bo Chao Alex,3713,Kurniawan Samuel He,29,29,f5d6c3d3c4b3c6f4e6c5e3f3g3g4h3h5b5g6f2f6d2e2e1c1d1c2b1e7b4g1h4g5d7a4e8f7a5a6f8c7a3a2h6d8b7b6g2f1h1h2c8a8a7b8a1b2g8g7h7h8
0,Diverses parties,3713,Kurniawan Samuel He,3730,Wirawan Daniel,37,34,f5f4e3d6f3g4d3e2g3f2f1d1d2h3e6c3c2b3c5c4g5e7b5f6g6c1a3h4e1b6h6h5c7d7b1a5e8f8c8f7h2b4h7d8a4b8c6g2a7a2b2g7h8g8a8a1g1h1b7a6
392,Dutch Open 97,1993,van den Berg Erwin,1436,de Graaf Jan C.,38,30,f5f6e6f4c3d7e7c4d3c6c5d6f7e8f8b5b4g8e3c7d8c8g3d2e2b6a5f3g4g5f2h3c1e1f1g1h6h5a7h4h2b3b7d1h1g2g6c2g7a3b1h8h7a8b8a6a4a2a1b2
392,Dutch Open 97,1708,Hobo Roel,1993,van den Berg Erwin,31,27,f5d6c3f4f6g5e6f3e3c4g4d3c6h5h3g6f2h4g3e2h6f1d1d2c1b3c5e1g1g2b4c2a3a5b1b6a4b5b2c7h1d7d8e8f8e7f7g8b8c8h8h2a6a1a2a7b7a8h7g7
392,Dutch Open 97,1993,van den Berg Erwin,2004,Fransen Martin,38,44,f5d6c3d3c4f4f6f3e6e7f7g6g5h6e3f8e8d8c6c5g3e2g4f2c7h4h5c8b5b6d7h3b4a5a4a3a6a7b3a2d2c1g7c2b2g8h8h7b8a1g2f1h1h2g1b7e1d1b1a8
392,Dutch Open 97,1993,van den Berg Erwin,2052,Sneek Marcel,42,45,f5d6c3d3c4f4f6f3e6e7f7c5b6b5e3c2c7d7c6c8g5f2e2d1e1f1d2h5g4g3h4h3g6h6e8f8g8c1g2h1g1a6h2g7d8h8a4b7a8b8b4a5a3b3h7a2a7a1b1b2
392,Dutch Open 97,1749,Blijleven Mireille,1993,van den Berg Erwin,22,37,f5d6c4b3c5c6b4c3b5a6a5e6d3a4c2a3e7d2e2e3f4d1b1f1b2f8d7e8c8c7b8f6e1g5h6h4g6g4h3g3h5f7h2f3f2g2d8a8b6c1h1g1g8g7h7a1a2h8a7b7
392,Dutch Open 97,1583,Dufour Mark,1993,van den Berg Erwin,20,30,f5d6c5f4d3e3g4g5e6c4g3f6f3h4h6b4e7d2h3h2c2e2c6f2e1f1b5d1a3b3a2b6c3a5a7g6c1b1h5h7g2f7f8d8d7a4a6c7g7h8g8e8c8b7a8b8b2a1h1g1
392,Dutch Open 97,3320,de Graaf Wendy,1993,van den Berg Erwin,20,30,f5d6c5f4e3c6d3f6e6f7e7d8f8f3g6g5e8g8b6h6g3c3c4f2g4h3f1e2h5h4d7c2e1d2d1c1b1c8c7b8b3a6b5b7g7a4a5g2a3b2a1b4h7h8a7a2h2a8h1g1
392,Dutch Open 97,1708,Hobo Roel,1436,de Graaf Jan C.,30,29,f5f6e6f4g6c5g4g5f3e3h5f2d3c3c6d6b5e7f7f8d7c8g3c4b4h6h7b3d8e8e2h4h3g2g7h8g8c2h1a3b6d1d2c1a4a5a6f1e1a7c7b7a8b8g1h2b1b2a2a1
392,Dutch Open 97,2052,Sneek Marcel,1436,de Graaf Jan C.,25,40,f5f6e6f4e3c5c6d3c3c7f3e2g4h4b5d2d7g5f2g3g6b3d1c1f1e1b1f7b4d6e7d8h6c8g1a4b6c4h5h3h2a7e8c2b8g8a5f8h8h7a3h1b2g2g7b7a6a8a2a1
392,Dutch Open 97,1436,de Graaf Jan C.,1591,Ilbrink Jarl,50,46,f5f6e6f4g5e7f7c5f3g4e3g6c3d6h3d3h6e2d8f2d7e8h7c8c6b5g8c7d2b3b4a3c4g3c2e1b6h5h4a6c1d1f1g1h1g2h2b7a7a5b2a4a2a1b1g7a8b8f8
392,Dutch Open 97,1436,de Graaf Jan C.,3664,Dufour Daniel,54,53,f5d6c3d3c4f4e6f6e3e2f3c5f1b3a3d2c2g3b4d1c6b5b6a6f2c1e1g1f7e7a5a4a7f8a2b2e8d8a1d7b1b7h1g2h4h3h2g4h5g5g6b8a8c8c7h6g7h8h7g8
392,Dutch Open 97,1583,Dufour Mark,1436,de Graaf Jan C.,19,29,f5f6e6f4g5e7f7d6f3g6d8h5e3g4h3h4d3e2c3c4f2f8d7h2h7d2g3c8c6c5e8c7c1d1e1c2b1g2b7a8b8f1a7a1h1h6g7b2b5a6b4a5a4b6b3a3a2g1g8h8
392,Dutch Open 97,1436,de Graaf Jan C.,3724,Pover Ella,48,51,f5f6e6f4e3d3g4g6g3f3c4g5h5h6h7h4h3c3d6b4e7d7c5c6b6b5c8f7a5a6a7f8d8e8g8g7f2e2a4a3a2c7h8h2e1f1h1d2c1d1c2b3b2b1b8b7a1g1g2a8
392,Dutch Open 97,1708,Hobo Roel,2004,Fransen Martin,43,31,f5d6c3d3c4f4f6f3e6e7d7g6d8f7d2c5c6c8b8c7e8b6b5e3b4a5a4a3e2f2b3a2a6a7h6f8g8g5h5g7g4d1e1c1c2f1b2h4g3a1b1h2h3g2h8h7b7a8h1g1
392,Dutch Open 97,2052,Sneek Marcel,1708,Hobo Roel,33,30,f5f6e6f4e3c5c6d6e7f7c3f3d7d3c4b4b3d2c2a3d1e8a5c8d8c7b6a6a7a4a2b5f2e2f1e1g4c1b1h4b7g3g2b2g6g7h5h3g5h7h2f8h8g8a1h1h6g1b8a8
392,Dutch Open 97,1591,Ilbrink Jarl,1708,Hobo Roel,26,23,f5f6e6f4e3c5c4d6e7d3b5c6d7b6g6a5c7f7f3c8e8e2g5g3g4b8a7a6a4g8e1d2f2h3h5b3d1c2b4h4c3a3a2c1h2h6h7b2g7h8f8d8a1b1g2h1g1f1b7a8
392,Dutch Open 97,1708,Hobo Roel,3320,de Graaf Wendy,50,47,f5f6e6f4g6f7g5e7d6c6d8c7e8h5c5d7c4b5e3f3h6g4c3b4h4g8f8c8b3e2d3c2a4a3b6a5a6a7b7d2h3a8g3g7b8g2h8h1f2h2g1f1d1e1c1b2h7a1b1a2
392,Dutch Open 97,2004,Fransen Martin,2052,Sneek Marcel,26,35,f5d6c5f4e3c6d3f3e6f6g4g3e2f2h3e1g5h6h5c2f1g6d1c3c4d2b3b5a6b4c1a5a4h4b6a2h7g2f7f8e7b1a3e8d7g1h1h2a1b2g7h8g8d8c7c8b7a8b8a7
392,Dutch Open 97,1591,Ilbrink Jarl,2004,Fransen Martin,8,7,f5d6c3d3c4f4c5b3d2c6b4a3b5a4a6e6c7c2a5a7c1b6e7c8g4d7d8e8b8a8b7f3e3g3g5f2f1e2f6f8e1h5h3h4h6d1b2a1g6f7a2b1g8g7g2h1g1h2h7h8
392,Dutch Open 97,2052,Sneek Marcel,1749,Blijleven Mireille,13,16,f5d6c3d3c4f4c5b3c2e3d2c6b4f3e6g6d7a4b5f6f2e2a5e7f8d8f1a6a2c8g3g4h5c7g5b6b7a3a7a8e8a1f7b1b2c1d1e1b8g7g8h8h7h4h2h6g1h3g2h1
392,Dutch Open 97,1749,Blijleven Mireille,1591,Ilbrink Jarl,31,33,f5f6e6f4g5e7f7d6e8h6h4g6f3e3d7f2c6c7c5b6c3g4e2c4g3f8h3e1d2h5g8d8c8d3c2d1a6h2g7b5b3b4a3c1g1a5a4b7b2f1b1a7a8b8g2a1a2h7h8h1
392,Dutch Open 97,1591,Ilbrink Jarl,3320,de Graaf Wendy,42,40,f5d6c3d3c4f4f6f3e6c6c5e7f7g5g6d7h4f8d2h6g4b5c8c7e8d8g8h5h7g3h3e3b4b6b8a3h2c1f2e2a6f1c2b3a5a4d1a7e1g2b2b7b1a1a2g1a8g7h1h8
392,Dutch Open 97,3322,Blankendaal Judith,1591,Ilbrink Jarl,12,30,f5f6e6f4g5e7f7c5c4d6c3d3b5c6g4f3c2g3e3e2d2d1c1f2h3b4a4a6b3a3a2g6b6h5h7f8e8d8e1d7c8b8c7f1g1g8h6h4g2b2a1b1a5h1a7h2g7h8b7
392,Dutch Open 97,1591,Ilbrink Jarl,3357,Sneek Linda,48,58,f5d6c3d3c4f4c5b5b4b3a6c6b6e6d2f3e3e1c1g5c7c2e2f2a3b8d8b7d7b2a8c8a7e7e8f6f7g8h4h6a1b1d1g6a2a5a4f8h8h7h5g7g4g3h2h3g2h1g1f1
392,Dutch Open 97,1583,Dufour Mark,1749,Blijleven Mireille,37,31,f5d6c5f4d3e3g4g5e6c4g3e7f3b4d7e2c2d2c3f2f6b3f1h4e1g6h3f7e8c6f8c8b6b5d8g8c7a6b7d1c1h2h6h7h8g7b8h5h1b2a1b1a2a3a5a4a7a8g2g1
392,Dutch Open 97,3321,de Graaf Jasmijn,1749,Blijleven Mireille,1,0,f5d6c3d3c4f4c5b3f3b5b4a5a3c6b6e6c7d7e2a6a2d8c8b8d2e3e7c2d1f1e1e8g1f8b2c1b1a1a7a4b7a8f7h1f2g2g3h3h2g7g8h8h7f6h4h6h5g4
392,Dutch Open 97,3724,Pover Ella,1749,Blijleven Mireille,14,8,f5d6c5f4d7c6f3c7e3d3c3c4f6e6b4b3a3g5g4h4h3g3h5d8f2e7b5g6f8e8c8h6f7h2g2h7g7h1g1f1e1b6e2d1a7h8g8b8b7d2c2c1b1a8b2a1a2a4a5a6
392,Dutch Open 97,3320,de Graaf Wendy,1583,Dufour Mark,41,39,f5d6c5f4e3c6d3f3e6f6g4g3g6e2e7d7f7h4c8e8f8g5d8b5c4b4c3h7a3b6b3d2c7b7a4a6a5c2c1a2a8d1h5b1f2e1h3a7f1b8a1b2g7h8g8h6h2h1g1g2
392,Dutch Open 97,3321,de Graaf Jasmijn,1583,Dufour Mark,17,9,f5d6c3f4f6c4f3e6c5c6e3d3e7b4b3d7a3b5c2a4d8c1d1e1c7d2e2f1f2b1a6a2a5a7b2g4g5a1h4g1g3h3h2b6b7b8a8c8g2h1h5g6e8f8f7h7h6g7g8h8
392,Dutch Open 97,1583,Dufour Mark,3357,Sneek Linda,52,57,f5d6c5f6e6b6b5f4c6e7d3c3e3c2f3d2e2c7c4b3b4a3a4a5d7c8d1c1f2g3a7b7g4h4a8b8a6f1a2e1d8b2e8f7f8g8g7h7h8h6h5g6a1b1g1g2h1h2h3g5
393,Dutch Open 98,1834,v/d Biggelaar Nicky,1518,Kortendijk Albert,38,35,f5d6c3d3c4f4e3f6g5h5c7f3g6h6c5d2e2c2d1c1f2b3b1b4g4g3a3a5h3e1f1e6c6b5a4a2b6e7f7d7a6a7b7e8c8d8g8g1f8a1b2g2h2b8a8h4h7g7h8
393,Dutch Open 98,1993,van den Berg Erwin,1834,v/d Biggelaar Nicky,34,39,f5f6e6f4c3e7f3e3d3e2f2d2e1f1g1c1c2b3c4c6g3b4a3b1b5b2c5a2g4h4d6a4h5h6g5g6d7f7e8h3b6a7a5a6g2c8d8f8c7b7a8b8a1d1g8g7h7h1h2h8
393,Dutch Open 98,1708,Hobo Roel,1834,v/d Biggelaar Nicky,18,24,f5d6c3d3c4f4f6g5e3f3g6e2h5c5g4g3f2d2h4b5b4c2b3h6h7f1a6h2b6c6c1d1d7a4e6a5a3b1e1b2a1a2g1g2h1h3h8c8e8f7f8c7d8g8g7e7b7b8a8a7
393,Dutch Open 98,1834,v/d Biggelaar Nicky,1926,Praseptyo Linda,45,46,f5d6c3d3c4f4e3f3e6f6g4c5g3e2d2b4b5a5f2h4b6b3a6a7c6c2d7c8e8d1f1h3e1c1b1c7a4a3g2e7b2a1a2h2a8g1f8f7g8g7h8g6b8b7d8h7h6h5g5h1
393,Dutch Open 98,1436,de Graaf Jan C.,1834,v/d Biggelaar Nicky,18,33,f5d6c3d3c4f4e6b3e2e3f3f1f2c5d1g6g5c6d7e8c8f7e7f8c7e1g1g3g4h4b4b6b5a6a4a5a7h6h3d8h5b8h7f6c2d2c1a3a2b2g8h8b7g2h1h2b1a1a8g7
393,Dutch Open 98,1834,v/d Biggelaar Nicky,1583,Dufour Mark,36,32,f5d6c6f4e6c5b4b5c4d3c3b6a5d7e7c7a6f8f6a3a4a7g3e3d8f7c2e2f3b3f1c1b2d2e8c8d1e1b1f2g4h4g5g6g1b7h2h3h5a1a2h1g2h6a8b8g8g7h7h8
393,Dutch Open 98,1834,v/d Biggelaar Nicky,2052,Sneek Marcel,54,37,f5d6c5f4e3c6d3f3e6f6g4g3g5h5h4h3g6h6d7c7e7b5c4b4c3f2e2e8d8f8b3f7g8c2d2a4f1c8b8d1e1g1b6a7a3a2g2g7a5b7a6h2a8h1h7h8a1b2c1b1
393,Dutch Open 98,1518,Kortendijk Albert,1993,van den Berg Erwin,29,24,f5d6c3f4f6g5e6f3c5g6c7b5g3g4e3c6h4d3h5e2d2f2c4c2d7e7h6b3f8b4a5a6a7b6a4a3a2h3h2g7f7c8d8e8g2h1h8b7e1d1g1g8f1h7b1c1b2a1a8b8
393,Dutch Open 98,1518,Kortendijk Albert,1926,Praseptyo Linda,54,54,f5d6c5f4d3e3g4g5e6e7f6c4g3c6f3c2g6e2e1h5h4f2f1h6f7f8d8d7c7c8e8h3c3b3b2b1c1d2d1g1a1b4a2a3h1g7b6a6a4b7a8a5a7b5b8g2h8h7g8h2
393,Dutch Open 98,1518,Kortendijk Albert,1436,de Graaf Jan C.,40,39,f5f6e6f4e3c5g5g3e7f7g4h4h6f3h3h2c6d6g6f8c3d7c7c4d3b5e8c8d8d2e2b4c2e1d1f2f1g2h5b1b6h7c1b3a1g7h1g1a2a3b2a4a5a6a7b7h8g8a8b8
393,Dutch Open 98,1999,Aubroeck Patrick,1518,Kortendijk Albert,28,27,f5d6c4d3e6f4e3f6c5f3d7c6e7b5b4c3d2d8b3a4a3b6f8c8a5a6g4e8b8c7a7e2c2d1g3g5f1e1c1h4h5h6f2h3b7b1a1a8g7f7g8h8g6a2b2g2h7g1h2h1
393,Dutch Open 98,1749,Blijleven Mireille,1518,Kortendijk Albert,15,18,f5d6c3d3c4f4f6f3e6e7d7g6g5c5c7e3b5f7e8c6g4c8b6d8b8h4c2d2h6h3d1a6e2g3f2h5f8h7a5g2a7f1h2h1g1e1g7b3b4a4a3h8g8c1b2a1a2b1b7a8
393,Dutch Open 98,1518,Kortendijk Albert,3320,de Graaf Wendy,47,51,f5d6c3d3c4f4e3f3e6c6g4f7c5d2f2b6e2f6b5b3b4c2c1a3a4g5d1a5h6g3g6f1e1b1h3a2f8g2e7h5h4d7c8e8h1g8c7d8b7g7a6h7a1g1h2b8a7a8h8b2
393,Dutch Open 98,1708,Hobo Roel,1993,van den Berg Erwin,33,29,f5d6c3f4f6g5e6f3c4e7d7c6b5b6g7f7c5d3c7c8a6b4a5a3e2a4a2b3c2f1e3b8g4d2d1e1g3f2e8h5d8f8h4h8c1h3g1g2h1h2b2a1b1a7h6g6g8h7a8b7
393,Dutch Open 98,1993,van den Berg Erwin,1436,de Graaf Jan C.,28,34,f5f6e6f4c3d7e3d6e7f8g4f3c7h3e8d8c8d2f7b4g8d3e2c5c6c4c1f1e1f2g6b7b6a7b3b5a3a5g5h5h6g3c2d1g1a2a1b1b2h1a8b8a6h7a4h8g7h4g2h2
393,Dutch Open 98,1999,Aubroeck Patrick,1993,van den Berg Erwin,26,37,f5d6c4b3c6e6c5d3e3b5e7f4f3b6c3c2d7c7b4a5f6e8c1d2a4a3c8f8f7e2f1g3g4e1d1g8f2g6h6g7h4h3h8d8a6h7g5a7g2h5h2b7a8b8a2h1g1b1b2a1
393,Dutch Open 98,1583,Dufour Mark,1993,van den Berg Erwin,28,25,f5d6c5f4d3e3g4g5e6c4g3c6f3c2c3d2e2b4b5g6f6f1h5f2d1h3e7c7a3b6d7a4a5a6c1h4f7c8e8e1b3b7g1a2g2h1h2b2a8a7a1b1b8d8h6g7g8h8h7f8
393,Dutch Open 98,1993,van den Berg Erwin,3320,de Graaf Wendy,35,26,f5f6e6f4c3d7e3d6e7d8g5g4g6h6f7e8c7b6f8g8b8c5c6b5c4h4a4f3a5e2h5d3h3h2g7b4c2h8g3c1h7c8a3a8d2d1b3a6e1f1f2g2h1a2a7b7a1b2b1g1
393,Dutch Open 98,1926,Praseptyo Linda,1708,Hobo Roel,32,26,f5d6c5f4e3c6d3f6e6d7g4g3g6h3g5h4h6f3d8c7f7h5e7h7b5f8c8b6a5a6a7e2f1e8g8d1g2f2e1b4c4a4a3c2d2c3b3c1b1b2g1b7a1a2b8a8h2h1g7h8
393,Dutch Open 98,1708,Hobo Roel,1436,de Graaf Jan C.,32,32,f5f6e6f4g5e7f7d6f3g6d8h5e3g4h3h4g3f8h6d7e8c8d3g8c4b3b4e2d2c3c6c5c7a5b5a6a4a3b6g7c2e1f1f2d1b1g1b8h8h7a8c1a1g2a2a7b7b2h2h1
393,Dutch Open 98,2052,Sneek Marcel,1708,Hobo Roel,19,24,f5d6c3d3c4f4f6f3e6e7d7g6e2g5e3c5c6d2c2e1f7f8g4h5g3f2h3e8h7h6h4c8d8g7g2f1h8g8g1h1h2d1b8c1b1b2a1b3a4a3a2b4a5b5b7a8c7b6a7a6
393,Dutch Open 98,1708,Hobo Roel,1749,Blijleven Mireille,32,29,f5d6c3d3c4f4f6f3e6e7d7b4b3d2e3e2e1g4g6c5f1c8a4g5h4h5h6g3f2c1c2d1b1b5a6a5e8h3h2d8f7f8c6g2a3b7b2a1a2g1b6c7b8g7h7h8h1g8a8a7
393,Dutch Open 98,3320,de Graaf Wendy,1708,Hobo Roel,5,13,f5d6c5f4e3c6f3g6f6e6d3c4f7g5e7d7h4h5h6e8b3f8g4h3h2g3f2c3b4a4b5b6d2a5d8c8c7a3a6a7b7a2b2b8g7h8g8a8h7g1e1h1g2b1a1f1c1e2d1c2
393,Dutch Open 98,1999,Aubroeck Patrick,1926,Praseptyo Linda,27,27,f5d6c4d3e6f4e3f3c6f6g5g6e7h6c3f7d2c5g4h5h3d8e8f8c7c8b7g3b5b4e2f2f1b6d7a8h2c2a3a4a6a7b3e1a5h4b8h1g1d1c1b2b1g2h7a1a2g7h8g8
393,Dutch Open 98,1926,Praseptyo Linda,2052,Sneek Marcel,42,43,f5d6c5f4e3c6d3f3e6f6g4g3g5h5h4h3g6h6d7c7e7e2d2b5c4f2c3b4b3c1d1e1c2a3a6a5b6f8e8c8g8f7a4a7b2b7g7a2a1b1a8h8b8d8h7f1g1h1g2h2
393,Dutch Open 98,1926,Praseptyo Linda,1749,Blijleven Mireille,47,61,f5d6c5f4e3c6d3f6e6d7g4f3e2f2g3c3c4b5b3h4h3h2g5h5f1d2e1b4c2c1a5a3b6g2d1a7h1g1h6g6h7g7a4a6b1b2g8h8f8e8a1a2f7e7a8d8c8c7b8b7
393,Dutch Open 98,3664,Dufour Daniel,1926,Praseptyo Linda,9,20,f5d6c3d3c4f4c5b3c2e3d2c6b4b5f2e2f3c1b6d1a4f6e1e6a5a3b1a6f7g6e7g4g3g5h5d7h6e8c8c7d8b8b7f8a7a8b2a2g8g7g1f1a1h3h4h8h7g2h2h1
393,Dutch Open 98,1436,de Graaf Jan C.,1999,Aubroeck Patrick,29,30,f5d6c3d3c4b5b4f4f6f3g4g5e3h3e6g3h5f7g6d7h4c5a6e2b6d2f8h6e7d8c8e8c2b3c6a3e1f1c1d1f2b1g2c7a4h1g1h2a1a5a2b2g8h8h7g7b7b8a7a8
393,Dutch Open 98,2052,Sneek Marcel,1436,de Graaf Jan C.,14,22,f5f6e6f4e3c5c6d3c3e7c4f2f3e2g4g5d1e1f1h4g6g3f7f8h5h6h2c2c1h3h7d7d8e8g8d6d2b6c8b3a4a3b5b7b4c7a5a7g2a6a8b8a2h8h1g1b2b1a1g7
393,Dutch Open 98,1436,de Graaf Jan C.,3664,Dufour Daniel,45,46,f5d6c3d3c4f4e6b3e2c5c6f6g5d7g6d2e3b6c8f7f8f3e7d1c7g4h3e8d8h4h5h7g3g7a6h6h8g8b5b7a7a8b8a5a4a3b4g2h2c2b1h1g1f1f2e1c1a1b2a2
393,Dutch Open 98,1583,Dufour Mark,1999,Aubroeck Patrick,41,33,f5d6c5f4d3c4e3e6f6g5c3g6d7c7f3c8e7d8g3c6f8f7e8g8g4e2h6b6b5a4a5a6b7b4d2d1a7h4c2c1f1e1b1b2f2h3h5g1h1g2h2g7h8h7b8a8a2a1b3a3
393,Dutch Open 98,1749,Blijleven Mireille,1999,Aubroeck Patrick,26,26,f5d6c3d3c4f4f6g5e6e7d7c5f7e8c6f8g6h5f3d8c7e3g4h3f2e2h6h4h2g3c8b8f1d1d2b6b5a4g7b3b4c2a3a2a6e1c1b2a1b1a5h8g8b7a8g2h1a7h7g1
393,Dutch Open 98,1583,Dufour Mark,2052,Sneek Marcel,20,36,f5d6c5f4d3e3g4g5e6c3f3g6f6e7c7h3e2c6c4c8d7f2b5d1f1d2b3b6g3a5h4h5f7b4e1c2c1h2a6a4a3b7b1f8h7a7d8e8a8b2g8b8a2h8g2h1g1g7h6a1
393,Dutch Open 98,1749,Blijleven Mireille,1583,Dufour Mark,27,19,f5d6c3f4f6d3c4g5e6c5g6e3h5b4e2f2c2f3g4g3d2h4h3f1d1b1c1e1b5b3a4c6a3a6e7a5a7b6d7c7d8g2b2e8g1h1h2a1a2h6f8a8b7b8f7g8c8g7h8h7
393,Dutch Open 98,1583,Dufour Mark,3320,de Graaf Wendy,64,64,f5f6e6f4g5e7f7g6h5d7d6h6h7c6h4c7g4f8d8e8g8h3h2g7c5b6h8c4b3c3c8a3g3g2g1b8a6b7b5b4a8a7a5a4a2b2
393,Dutch Open 98,3664,Dufour Daniel,1583,Dufour Mark,42,45,f5f6e6f4g5e7e3f3c5e2f2d3g4c4c3g3g6h5h4f1h6h3h2b6d2b4c2c1d1e1b3a4a3a2f7f8d8d6a5a6b5g7b2c6h8h7d7h1e8c7g8a1g2c8b8b7b1g1a7a8
393,Dutch Open 98,3320,de Graaf Wendy,2052,Sneek Marcel,25,35,f5d6c5f4e3c6f3d3c4b3f6g6g5e2f2e6e1c3b4h4d2g4h6a3a5b5a6c2g3b6a7d1f7f1e7d7c8h3c1b1c7e8f8g1d8h5h2g7g8h8h7b2a1h1g2b8b7a8a4a2
393,Dutch Open 98,3320,de Graaf Wendy,1749,Blijleven Mireille,28,25,f5d6c5f4e3c6f3d3c4b4c3b3f6c2a3d2c1e1d1b1e6b5a4a5a6g4e2b6h3f1a7h4g3h2g5h5e7d7f7g6d8c7c8b7a8b8h7f2g2h1g1b2a1a2g7h8g8h6f8e8
393,Dutch Open 98,3664,Dufour Daniel,1749,Blijleven Mireille,9,26,f5d6c3d3c4f4c5b3c2e3d2c6b4b5f2f6a3e2a4d1c1b1b6f3e1f1g4e6g5g3c7c8e7d7e8h4f7a6a5h5a7g6d8f8h6g7g8h8h7b8b2a1a2b7g2a8h3h2h1g1
6,EGP Cambridge,1206,Kashiwabara Takuji,22,Leader Imre,31,36,f5d6c3d3c4f4c5b3c2e6c6b4b5d2e3a6c1d7e7g6b6c7f6f3e2f2g3g4h5f1g5e1d1f8h6f7a3h3g1h4c8g2d8e8g8g7h8h7a5a7a8a4h2h1b7b1b2a1a2b8
6,EGP Cambridge,22,Leader Imre,1206,Kashiwabara Takuji,44,35,f5d6c3d3c4f4f6f3e6e7d7g6f8f7g5g4e2d8e3c8e8g8c7d1h3h4g3h2h6b6f1f2g1c5c6d2a6b3b4a4b5a5a3b2h5h7a2c2e1c1a7h1g2b7a8b8h8g7b1a1
6,EGP Cambridge,1,Tastet Marc,1708,Hobo Roel,29,27,f5f6e6f4g5e7f7d6f3g6d8h5e3g4h3h4d3h2g3f8c7c5c6e8g8c8b8d7h7f2f1c3e2d2c2c1d1e1b6c4b1g2h1g1h6b5a4a1b4a6b3a5b2g7a7a3a2a8h8b7
6,EGP Cambridge,22,Leader Imre,1206,Kashiwabara Takuji,29,28,f5d6c3d3c4f4f6f3e6e7d7g6f8f7g5g4e2d8e3c8e8g8c7e1f2g3h4h5h6b6h3c6a6g7g1f1d1b5b4c2d2c1b1c5h8h7b7a7b8a5g2b3a3a8a4a2b2a1h1h2
6,EGP Cambridge,1206,Kashiwabara Takuji,1,Tastet Marc,39,35,f5d6c3d3c4f4c5b3c2e6c6b4b5d2e3a6c1d7e7f6a4e2d8a2a5a3f1c7f7c8e8f8f3d1e1b2g5h4g6h5h6h7a1b1g4h3a7g3f2g7h8g8h2g2b7a8b8b6g1h1
6,EGP Cambridge,1708,Hobo Roel,1206,Kashiwabara Takuji,28,33,f5d6c3d3c4f4f6f3e6e7d7g6f8f7g5g4h3h5h6h7d2d8e3e2f1c8g7c7e8c5b6c2c1a5c6f2b4b5b3a4a3b7g1h8g8b2a6a7g2a2g3h4a1b1a8b8d1e1h2h1
6,EGP Cambridge,1206,Kashiwabara Takuji,1517,Berg Matthias,16,22,f5d6c3d3c4f4c5b3c2e6c6b4b5f6a5a4f3c7a3e3g4d2e1g5e2f2g3h4b6f1c8h3g1b2g2d1h5h6f7e7e8g6a1d7d8g8f8b8b7a8c1a2a7b1h2h1g7h7h8a6
6,EGP Cambridge,1206,Kashiwabara Takuji,1436,de Graaf Jan C.,50,37,f5f6e6f4e3c5c4d6b5d3c3e2d7c8f2c7f3g4g3f1e7d8f8h3g6c6g5b4b6a6e8g8h4h5h6h7e1f7g1a5a4a3a7d2a2b7g2b3a8d1c1h1h2b8h8b1b2a1c2g7
6,EGP Cambridge,1432,Pridmore Ben,1206,Kashiwabara Takuji,20,26,f5d6c3d3c4f4e6f6e7c5d7e3d2d8f2c6b5b6c7e2f8c1f1e1d1c8b1f7a6b8g8b4a5b3c2a3a4a7g7g5g6g4h5a2h4g3f3g2h1g1e8h8h7h6h2h3b7b2a1
6,EGP Cambridge,1206,Kashiwabara Takuji,543,Kyte Bruce,45,34,f5d6c3d3c4f4c5b3c2e6c6b4b5d2a3c1f3f6e2c7d7e3d1a6f2a4f7e1f1g1b6e8a2a5a7e7f8b7a8b8b2g5g6h5g3h2g4g7h8g8c8d8h7h6h4b1h3g2h1a1
6,EGP Cambridge,2052,Sneek Marcel,1206,Kashiwabara Takuji,28,27,f5d6c3d3c4f4c5b3c2b4d7c6g3f6b6g4h3e2d2e6b5e3e7f7a3g5h6f3f2a4a5e1f1c1g6h4h5d1b1g2f8c7c8b7a2e8d8b8a8g8h8h7h1g7g1h2a7a6a1b2
6,EGP Cambridge,1206,Kashiwabara Takuji,3320,de Graaf Wendy,54,52,f5d6c3d3c4f4f6f3e6e7d7c5c6g6g5f7e8h6d2c2e2b5b4c8d8f8e3f1c1a4b3c7a3d1a5a6a7b6a2f2e1b2g1g2h5h4b1g4h1h2a1g3h3g7h7h8g8b7b8a8
6,EGP Cambridge,3135,Plowman Luke,1206,Kashiwabara Takuji,36,31,f5d6c5f4e3c6e6b4c4d3b5c3a4a3a2a6d2e2c2d1b3f3c1f2e1f1g1f7b6g6g3a5a7b2g5f6f8h5h4g7e7g4h3d8e8b7h8c7b1a1a8d7g2g8h6h1h7h2c8b8
6,EGP Cambridge,1183,Vecchi Maria Serena,1206,Kashiwabara Takuji,19,23,f5f6e6f4e3c5c4e7b5e2g4f3g5d6d7c6c7g6g3d3f8e8d8c8b8g7f7h4h5h7h3h6c2d2e1f1c1d1f2b1c3h2h8g8h1a8b2a5b4g2a4a1b3g1a6a2a3b6b7a7
6,EGP Cambridge,22,Leader Imre,1,Tastet Marc,26,33,f5d6c3d3c4f4f6f3e6e7c6g6f8c5b4e8d8b5e3e2d2f7g4c7d7g5b3f2g3h3g8a4d1h4g1c2h6h5h2c8b8g7b6e1f1a7a3a2a5a6h8h7c1b2a1b1a8b7h1g2
6,EGP Cambridge,1708,Hobo Roel,22,Leader Imre,15,21,f5d6c3d3c4f4f6f3e6e7d7g6d8c5c6c7g5b5b4b6e3g4h3f8c8e8g8f7e2g3h4h5h6a3a5f2h2d1g7a4e1d2a2a7c2h8h7h1g2b8c1g1f1b1b2b3b7a8a6a1
6,EGP Cambridge,1517,Berg Matthias,22,Leader Imre,18,29,f5d6c5f4e3c6d3f6e6d7g3c4b4b3g5c3b5a5a4a3b6a6d8e7c7e8b7d2e2a8f8f7c8g4f3c2d1h4h6h5h3g6h7g7b1f2e1f1g2h2a7h8b2h1g1c1g8b8a2a1
6,EGP Cambridge,1436,de Graaf Jan C.,22,Leader Imre,24,27,f5d6c3d3c4f4e6b3e2e3f3c5b4a3f2b5d2g4c6c2g3f6b6g5h4f7c1e7a5a4c7d7h6h5a6a7g6d8b7e1b8d1f1a8c8e8g8f8g7g2b1b2a1a2h3h8g1h7h2
6,EGP Cambridge,1432,Pridmore Ben,22,Leader Imre,34,34,f5f6e6f4g5e7e3f3d3h6g4c6g6g3f7h3c4h7f2d6c7c8f8d8d7e1b5e8b8e2g8d2g1f1c1h1g2d1h2h4h5c5c3b3a3g7h8b1b4a4a5a6b6a2b2a7b7a8c2a1
6,EGP Cambridge,2052,Sneek Marcel,22,Leader Imre,23,34,f5d6c3d3c4f4c5b3c2e6b4f3e3e2f6d2d7e7d8b6b5c6f7a5c7a6a3a4a7c8d1e1a2b7f1b1g4f2a8b8g1g3h3g5h4g6h6h5g2h1c1h2a1h7g7g8f8h8e8b2
6,EGP Cambridge,22,Leader Imre,2954,Tastet Remi,52,53,f5d6c5f4e3c6d3f6e6d7g4c4g5c3f7g6b4b3b5e8d2e2f3h3h4h5g3f2f1a5a6c1e1a4a3b2h7g7d8d1b1c8g8c7a2f8b8e7h8c2a1b6b7h6a7a8g2h2g1h1
6,EGP Cambridge,22,Leader Imre,3320,de Graaf Wendy,36,41,f5d6c5f4e3c6d3f3e6f7g4c4g3g5h6c3g6d2c1e1c2e2e8h4h5f6h3f2e7g8f8d8d7g7f1g1b6b5c8c7h8h7d1g2a4a6h1h2b8b7a8a7a5b4a3b2b1b3a2a1
6,EGP Cambridge,22,Leader Imre,2547,Murawski Stefan,53,48,f5d6c3d3c4f4f6f3e6e7c6c5e3b4d7g5f7e8f8g8b5e2b6a5a6d8f1a7a4a3f2d1g4h3c7c8g3h2e1g2b3g1h4d2h1h5c2c1b1a2g6b2h6h7h8b8b7a8g7a1
6,EGP Cambridge,22,Leader Imre,3129,Gigliucci Chiara,60,50,f5f6e6f4g5e7f7g6h5h4h3f8d8h7g4g3f2c5f3e3d6f1b5c7c6e8g8d7b8b4a3a4c8a2a5a6b6a7g2c4h6d3h8g7c2g1c3b7e2d2a8b1b3b2a1c1h2
6,EGP Cambridge,1,Tastet Marc,1708,Hobo Roel,27,27,f5d6c5f4e3c6d3f6e6d7g3c4b4b3g5c3b5a5a4a3b6a6f7g6e7f8h6g4f3h5h4c2d8g8e8c8c7g7b7a8b8a7h8h7c1e2f1d2b2e1d1f2g2h1g1b1a2a1h2h3
6,EGP Cambridge,1517,Berg Matthias,1,Tastet Marc,27,28,f5d6c3d3c4f4f6f3e6e7d7g6g5c5c6f7e8h6h4c8c7d8b8f8g8b3e3h5g3f2d2e2b4c1g4g7a3c2g2b5a4b6f1h1g1h2h3a6a5a7a8b7b2e1d1a2a1b1h8h7
6,EGP Cambridge,1,Tastet Marc,82,Plowman Guy,41,42,f5f6e6f4g5d6d7e7f3h5g4g6e3d3f7f8d8g8c4f2h4h3h7e2c6c3c5b3e8c8g3c7b6b5b7a8b8a5h8h2f1e1d1d2c2b4c1g2h1g1h6b2a2g7a7a6a4a1b1a3
6,EGP Cambridge,1,Tastet Marc,1436,de Graaf Jan C.,31,36,f5f6e6f4g5e7f7d6f3g6d8h5e3g4h3h4d3h2c7e2c3c4c2f2b5d2c6f8d1d7e8c5g8b4g7b3h6g3b6a5e1f1g1c8a6c1b1a4a3h8h7a2b7a8a1b2b8a7h1g2
6,EGP Cambridge,1,Tastet Marc,1432,Pridmore Ben,49,52,f5f6e6f4g5d6d7e7f3g3h3g4e3h5c5c3c6c4h4d3h6b4c7d8b5a5b6c8b7e2f2a8d1f1b8a7a6h2h1g6g2d2g1e1c1c2h7g7g8h8f7f8e8b1a1b2b3a2a3a4
6,EGP Cambridge,1,Tastet Marc,543,Kyte Bruce,35,42,f5d6c5f4e3c6d3f6e6d7e7c7c4f3d8c8b8e2b6e8f8f7g4c3g5h6h4g6g8b4g3a6b5h2a3a4b3c2c1d1a5a2d2b2h3h5g2e1f1g1h1f2g7h8h7a8a1a7b7b1
6,EGP Cambridge,1,Tastet Marc,2052,Sneek Marcel,47,47,f5d6c5f4e3c6d3f3e6f6g4g3g5h5h4h3g6h6d7c7b6b5c8f7c4b3a5c2e7d8f8b8g7a6a7d2b4a4a3h8b2b7d1b1c3a2a1g8e8e1e2a8g2f1g1f2h1h2h7c1
6,EGP Cambridge,2547,Murawski Stefan,1,Tastet Marc,13,15,f5d6c3d3c4f4f6f3e6e7d7g6g5c5c6f7e8c8d8f8h6h4h5h7d2c7g7b6e3e2a6c1e1g3h3h2g4f2g2b5a5h1g1f1g8h8b8d1c2b1a4b4a7b7a8b3a3a2b2a1
6,EGP Cambridge,3135,Plowman Luke,1,Tastet Marc,2,15,f5d6c5f4e3c6d3f3e6f6d7c7e7e8d8c8f7f8b6a6g4g3e2h3g6g5h4h6h2b4b5a5a3c4a7a4b7a8c3b8g7b3a2a1b2c2d2g8b1d1c1e1f1g1f2h5h7h8g2h1
6,EGP Cambridge,1708,Hobo Roel,1517,Berg Matthias,33,29,f5d6c3d3c4f4f6g5e3f3g6e2h5c5g4d2g3f2c1b3e6d1c2b4a3e7e1g1e8f7d7f8f1b1g8h6a5c7h7h3g7c6d8c8b8b2a1a2h1a4b5b7h4h8a8a7g2h2a6b6
6,EGP Cambridge,82,Plowman Guy,1708,Hobo Roel,27,29,f5d6c5f4e3c6e6f7e7f6d7f3g6c8g4c4e8e2b3c7g5d3b4g3b6h6h5f8d8h4h3h2g7h7c3b5d2d1a4c2g2a6b7a3a2h8g8a7a8a5b8a1b2b1f2g1h1f1c1e1
6,EGP Cambridge,1436,de Graaf Jan C.,1708,Hobo Roel,45,33,f5d6c3f4f6d3f3b3c7d7e7d8c6b6c4c5b5e6b4a6a5a4d2e1d1c1c2e2e3f2f1g1a3e8f8g6g5b1b2f7c8g3g4h6g8a1a2g7h8h7h4g2h5b7h3h2h1a8a7b8
6,EGP Cambridge,543,Kyte Bruce,1708,Hobo Roel,33,32,f5d6c3d3c4f4f6f3e6e7d7g6d8c5c6c7c8b6b5e3b4a5d2f7a4a3b3a2a6a7e2f8e8b8g3g4h4c2c1f1e1f2g5h5h3b7h6d1g1b2a1b1a8h1g8h2g2g7h7h8
6,EGP Cambridge,1708,Hobo Roel,2052,Sneek Marcel,49,41,f5d6c3d3c4f4f6f3e6e7d7b5b4c5c6g6d8f7d2b3e3c2g8c7g5c8b8h5g4d1e2f2f1h4e1g3h3h2g2h1g1g7b6e8f8a6h8b7a8a7a3a2a4a5a1h7h6b2c1b1
6,EGP Cambridge,3320,de Graaf Wendy,1708,Hobo Roel,17,25,f5f6e6f4g5g6e7d6c5c4d7f7f3e8c6e3d8c8h6b5f8c7b8g3b6h5h4h7h8g8g4g7e2a8a4f2d2d3c2c3f1h3h2a7a5b7b3a6b4a3a2g2g1c1b1h1b2d1e1a1
6,EGP Cambridge,1708,Hobo Roel,179,Turner Ian,38,35,f5f6e6f4g5e7f7h5g4h4e3d6c3d7g6h6e8f3d3d8c4c5b6e2e1f8g3b5a6b4a5d2b3c6h3c2f2h2g8h8h7g7h1f1g1g2c7b7a8a7b1a3c1d1a4a1b2a2b8c8
6,EGP Cambridge,1708,Hobo Roel,3194,Plowman Mark,64,64,f5f6e6f4g5d6d7g6e7f7g4h5c6e8h6h7h4h3d8c8c7b8c5b6g8f8a8c4b7a7a6a5b4b5a4a3a2b3c3c2b2d2e2a1d3f3e3g3f2b1c1e1d1f1g1h1h2g2h8g7
6,EGP Cambridge,1436,de Graaf Jan C.,1517,Berg Matthias,33,28,f5f6e6f4g5e7f7h5g4g6e3f3h3f8h7c5c6d3b5c4d6d7d8e8g8g3b3b6c8c3b4c7a6b7h2a3c2a7e2a5f2h6h4a4b8g2a2a1a8b1h1g7d2b2c1f1g1d1e1h8
6,EGP Cambridge,1432,Pridmore Ben,1517,Berg Matthias,16,20,f5f6e6f4g5h6e3c5c4e7g4f3g6h3d6h7f2g3h5h4f8d8b5d7f7c6c8b8g7e2c7a5g2b6a4a3d3c2c3d2e1h8f1b4b3d1a7a6a2h1g1h2b7a8b1g8e8b2c1a1
6,EGP Cambridge,1517,Berg Matthias,179,Turner Ian,54,36,f5f6e6f4g6c5f3g4h5f2e2h4h3g5f1g3e3d3h2g2h6d1e1d6c7e7d8f8c1d7c2c3c8f7b3g7c4b4a5a2a4a3b6a6d2c6b5b8a8b7a7e8a1b2b1g1h1g8h7h8
6,EGP Cambridge,3135,Plowman Luke,1517,Berg Matthias,18,16,f5f6e6f4g6d6g4f7e8h4c6c7e3c5b8d3g5h5h6e2h3d7e7d8c8g7e1f8h8a8g8f2c3f3c2c4d2b3f1b7a3d1c1g3b4b5a6h7b6a4g2g1h1h2a5a7a2b2b1a1
6,EGP Cambridge,1517,Berg Matthias,3528,Plowman Anya,59,59,f5f6e6f4g7d6g4h8e3f3g5g6e7d3c6f7d7b6c7g3a5a6a7c8c5b5c4d8b4a3c3c2h5a4a2h4b3h6c1b2d2e2a1e8b7b1f8d1g8a8e1b8h3f2f1h2g2g1h1h7
6,EGP Cambridge,1517,Berg Matthias,3723,Bywater Katherine,64,64,f5f4e3f6d3c5d6e2f3c4e6f2c3c6e1b3d2f1c2c1g1g2h1g3h4h3h2g5a3b4d1b2b1a1g4h6h5g6f7g7h7g8f8h8a2e8e7b6
6,EGP Cambridge,3357,Sneek Linda,1517,Berg Matthias,18,22,f5f6e6f4e3d6e7d3g6d7c6e8g5f7c3c5c7b5b4c4a5d2f3c2b6a3e2a4a6a7b3d8e1d1c1h6g8f8g4h5b7h4c8g3h2h3h7b2a1a8g7b8g2a2f2h8h1g1f1b1
6,EGP Cambridge,82,Plowman Guy,2954,Tastet Remi,29,28,f5d6c5f4e3c6e6f6d7b5e7f7g3c3c4b3b6d3g4g5h6h5f3h4g6c8d8e8c7b4a5d2e2c2a4e1f2a3h3g7f1a6d1g1c1g2h1h2h8h7f8g8b8b7a8a7a2b1b2a1
6,EGP Cambridge,82,Plowman Guy,2547,Murawski Stefan,53,53,f5d6c5f4e3c6e6f6d7b5e7c7c4f3b4e2a6a5a4d3d2c3b3c2c1c8f7b6e8a2d1g8a7b7e1f1a8b8d8b2g3g5f2g4f8g7h8h3h7g6a1b1g1g2a3h2h1h6h5h4
6,EGP Cambridge,1183,Vecchi Maria Serena,82,Plowman Guy,17,24,f5f6e6f4e3d6c5f3g4g3e2h3h5f2g5c6d3d1f7b5e7c4d2c3f1h4c2h6e1g1b3b4a6a5a4c1d7g6b2b1b6c7d8a1g2a2a3a7b7a8b8e8f8c8g7h1h2g8h8h7
6,EGP Cambridge,3321,de Graaf Jasmijn,82,Plowman Guy,17,15,f5f6e6f4e3d6c4f3g3c3c5c6d7e7e8f8g8f7g5c8b5d3c7b4a3a6a5b6d2g4h4h3h2f2e2e1f1h6d1g6g7h5h7d8b8h8a7b3b7a8c2h1a4g2g1c1b1a2b2a1
6,EGP Cambridge,1436,de Graaf Jan C.,1432,Pridmore Ben,27,31,f5f6e6f4g5e7f7g6h5h4h3f8d8e8g8d7c7h7g4c6c3d6f3d3b5b6a5a4a3b3b4b8c5c4a2a7c2g3f2e3e2f1e1d1a6a1g2b1h6d2h8h1g1h2c8g7b2c1a8b7
6,EGP Cambridge,2052,Sneek Marcel,1432,Pridmore Ben,39,29,f5d6c5f4e3c6d3f6g4f3e2c3c7c2e7d2f2c4e6g3g5d7b3f8h4e1f1d1c1g6e8d8c8b8f7h3g7h5h7b6b5a4a5a3b4a6h6g2h1h2g1h8g8b2b7a7b1a2a8a1
6,EGP Cambridge,1432,Pridmore Ben,2954,Tastet Remi,25,23,f5d6c3d3c4f4e6f6g5e3c2c5g4d2c1b4b5a6b3e1a4b6e2a5c6d1a3c7f1a2d7f7g6e8f8e7d8f2c8h5g3f3h6h3h4g7h8b7h2g8a7a8b8h7b2a1b1g1g2h1
6,EGP Cambridge,3320,de Graaf Wendy,1432,Pridmore Ben,8,16,f5d6c5f4e3c6f3g5h6g4e6f7h5d3g3f6c4e2f2h3h4h7d1h2d2g6d7f1e7c1b1c2b3e8d8c8c7c3b6e1g1b5g8b4a3a5a6a4f8h8b7a8a7b8g7b2a2a1h1g2
6,EGP Cambridge,1432,Pridmore Ben,3129,Gigliucci Chiara,33,33,f5d6c3d3c4f4e6f6g5e3c2b4c5c6g4g3f3b5b6h5a3f2e2h4f1d2e1a4a6a5b3c1h3h2f7e7e8g6d7c8d8c7d1g1b2f8g7b1a1a2h6h8h1g2b7b8g8a8a7h7
6,EGP Cambridge,3194,Plowman Mark,1432,Pridmore Ben,25,20,f5d6c4d3c3f4e6f6g5e3g4c5c2d2c6g6c7d7f3e2f1e1d1f2g1h3h5h6h7b6g3c8d8e8e7h2f7g2a6b7h4h8a7a8b8a5b5g8h1a4b4b3b2a3f8g7a2c1b1a1
6,EGP Cambridge,1432,Pridmore Ben,3276,Tastet Sophie,44,33,f5f6e6f4e3d6c4f3g3d3c5c3c6e2g4g5f2d2c7d7d1h4f7f1h3h2h5h6g6e7b3c2g7a4a3a2c1b6b4e1g1c8e8g2d8b5a6b7b8b2a7a8a5f8h8h7g8h1b1a1
6,EGP Cambridge,543,Kyte Bruce,2052,Sneek Marcel,30,44,f5d6c3d3c4f4f6b5b4f3e6e7f7c5e3a3b6g5g4e2c2c6d2f2g3d1d7g6h5c8h6d8e8f8f1h3c1h4e1h7a6a4g2b3b7c7a5a8h2h1g1a7b8b2a2b1a1g7g8h8
6,EGP Cambridge,2547,Murawski Stefan,543,Kyte Bruce,23,20,f5d6c3d3c4f4f6f3e6e7d7g6e8c5c6c7g5d8d2f8h6f7g3h4h5h7g4e3g7f2e2h3f1b6a6b5a5b4b3a4a3b7a8a7b8c8h2h1g8e1g1g2d1c2b2c1b1a1a2h8
6,EGP Cambridge,2052,Sneek Marcel,179,Turner Ian,40,29,f5f6e6f4e3c5c6d3c3e7c4d6f3e2f2g4g3f1d7d2d1c8e8c7f7f8g8b6a6b5a5b4g6g5b3c1h4c2e1a4h6b2a3a2g7h5d8h3h2g2b8a7a1h8a8h7b1b7g1h1
6,EGP Cambridge,2052,Sneek Marcel,2547,Murawski Stefan,27,29,f5d6c3d3c4f4c5b3c2b4g3f6b5e6e3c6b6a5a3d2c1e1e2g5a4a2a6a7g6h6f7e7e8f1f2g1d7h4h5g4c7f8d8c8h3h2g7h8h7g8f3g2h1d1b8b2b7a8b1a1
6,EGP Cambridge,3194,Plowman Mark,2052,Sneek Marcel,5,19,f5d6c4d3c3f4e3f3g4e2d2g5e1h5f2g3h3c2c6b6e6g6f6h4h6b3b4c5b5e7a3a5d1a4d8e8f7c8d7c7a6f8b7a8a7a2b2a1b1c1g8g7b8f1g2h1h2g1h7
6,EGP Cambridge,3528,Plowman Anya,2052,Sneek Marcel,7,12,f5d6c5f4d3e3f6e6d7c4f2c3g3c6b6c7b3e2f3b5c8a3f1e8e7a6c2c1b4f7d2f8a5d8g8a4a2a1b1b2b7d1e1a8a7h3h4h5g4b8g2g1h1h2g5g6h8h6h7g7
6,EGP Cambridge,3357,Sneek Linda,2052,Sneek Marcel,8,24,f5d6c5f4f3e3d2f2d7c6c7b5b4b6f1c1a4e6c4c8d3d8f7e7f8e8a7g8d1g4g5g6h6g3h5h3g2h2f6e1b1e2b8a8h4h1g1a1g7h7h8b7c3c2b2b3a3a2a5a6
6,EGP Cambridge,2954,Tastet Remi,179,Turner Ian,18,19,f5d6c5f4e3c6d3f6e6d7g3f3g4e2d2b5f1c4f2e1b4c1a6a4b6g5h5h6h7a3b3c2d1g1f7e7c8g6e8h4h3d8a2a5b2a1f8c7g7g2a7a8b8b7h1b1h2h8g8c3
6,EGP Cambridge,2547,Murawski Stefan,2954,Tastet Remi,33,47,f5d6c3d3c4f4f6f3e6e7d7c5c6g5e8f7g6c7d2b6e3c8d8h6b5f8a6e2f1e1d1a5a4b4a3b7h5b3a8a7h7h4g4h8b8f2g1c1b1g2h1h2h3g3c2b2g8g7a2a1
6,EGP Cambridge,2954,Tastet Remi,1749,Blijleven Mireille,57,37,f5d6c3d3c4f4e6b4b3d2c2f6g5e3g4f3f2c5b6e2g3f1d1h5h6h3g6h4h2b5a4a2e1g2a6a3a1a5b2c7b7b1c1g1h1a7a8g7d8b8c8h7h8g8f8f7e8e7d7c6
6,EGP Cambridge,2954,Tastet Remi,3194,Plowman Mark,53,64,f5f6e6f4g5d6f7g4g3g6e7h5d7h4h6h7f3e3c7c6b5b6a5a4a3a6a7c8d8e2b8f8h3h2b4b7c5b3a8c4e8a2b2g8d3f1e1c3c2a1b1d1f2g1d2c1g2h1h8g7
6,EGP Cambridge,2954,Tastet Remi,1183,Vecchi Maria Serena,27,31,f5d6c5f4e3c4d3c3e6b4b6c6b5d2f2b3e2f3g4e7c1e1f1g6d1c2a5a3g5h3h5h4g3h6f6c7d8a4a6f8e8a7g8d7f7b8g7h2b1g2h1g1b2h8h7c8b7a8a1a2
6,EGP Cambridge,2954,Tastet Remi,3321,de Graaf Jasmijn,42,35,f5f6e6f4g5d6f7g4g3g6e7h6h4f8d7c7c6h3h2b5d8c8c5e8c3b4d3f3f2c4e3f1b6a5a3a4a6e2d2c1b3c2a7g2g7h8g8h7h1g1e1b2d1b7a8b8b1a2a1h5
6,EGP Cambridge,3723,Bywater Katherine,2954,Tastet Remi,20,15,f5d6c5f4f3e3c4d3c6b4b5e6c3d2f6b3e2e1f2c2a4a6a3g5c1b6f1a5h4h6d1a2g3g4g6h5h7h2b2c7b7d7c8a7g2f7g7a8f8b8e7d8e8a1b1h8g8h3g1h1
6,EGP Cambridge,179,Turner Ian,2547,Murawski Stefan,50,49,f5d6c5f4d3e3g4g5e6f6e2g3g6c3c4b5f3b4h6h4b3e1d2f2h3h2d1c1f1g1c2a3a5b1a6b6a4a7b2g2h5h7h1a1a2h8g7g8f8f7c7c6a8c8b8d8e8e7b7d7
6,EGP Cambridge,179,Turner Ian,1749,Blijleven Mireille,38,39,f5d6c5f4d3e3g4g5e6c4g3f6f3h4h6g6c7d7f7e7h3c6h7h2e8d8c8e2b6g2f8b7b5a5a8a7f2g1f1b8d1e1h5h8h1g8g7b3b4a3a4c2b1d2c3a6c1a1a2b2
6,EGP Cambridge,1749,Blijleven Mireille,2547,Murawski Stefan,41,48,f5d6c3d3c4f4f6f3e6e7d7c5b6b5e3g6g5d2c2e2g3d8f1e1d1b3f7h5h4g4e8f2h3h2h7f8g7b1g8a7c6c7b4a4a5a6a3a2g1b2c1h1g2h8h6a1a8b8c8b7
6,EGP Cambridge,2547,Murawski Stefan,3194,Plowman Mark,51,45,f5f6e6f4g5d6e7g6c5c4d7f7f3e8c6h4e3c3d3c2g4d2g3d8c8b8c7b4g8b5b6f2a5a4a3b3a2a7c1h3d1e2e1f1g1b7g7b2b1h8f8g2a8a6h7h6a1h2h1h5
6,EGP Cambridge,1749,Blijleven Mireille,3135,Plowman Luke,21,32,f5d6c3d3c4f4f6g5e6d7e7c5g6g4f7e8f3h6c6f8c7e3d2g3c8c2c1d1e1d8g8b3h4h5h3h2b4a4e2f1g1f2a2b6b5a6b7a3g2a1a5b1b2h1g7h7a7a8b8h8
6,EGP Cambridge,1749,Blijleven Mireille,3194,Plowman Mark,31,43,f5f6e6f4g5d6e3g6f7e8d3g3f3h5c4e7d7c7h3c3c5e2d2g4h4h2h7e1f2g2c6b6b4a5d8c8g7c2a6f8b5b3a4a3a2b7c1d1h1h6a8a7h8g8b8b1f1a1b2g1
244,Ferrara Open,1206,Kashiwabara Takuji,2710,Ilacqua Gianluca,49,42,f5f6e6f4e3c5c4e7c6e2f3g4g5d6e8d3c3f7d7b4c2b3d2d1b5a6e1f2f1g3h3h4h5h6h7g6h2g2c1c8g1c7f8d8a5g8a7a4a3b6h1b2b1b7a1a2a8b8h8g7
244,Ferrara Open,1206,Kashiwabara Takuji,1895,Palladino Domenico,34,29,f5d6c3f4f6c4d3f3e3e2g4e6d2f2c2b3e7g3g5h4b4d7g6e8a4h5b5c1e1a3a2f1g1c5h6h7h2f7c6a6c7b6d8c8g8d1b1a5a7g7g2h1h3b2h8a1b8a8b7f8
244,Ferrara Open,1206,Kashiwabara Takuji,3129,Gigliucci Chiara,43,50,f5d6c3d3c4f4c5b3c2b4c6e6e3b5b6c1g5d2f3c7a4a6f6f2a5a3e7h6e2f1g4f8d7h5h3h4h7c8b2g6a2a1g3h2h1g2b1g7h8f7g1d1g8d8e8e1b7b8a8a7
244,Ferrara Open,1183,Vecchi Maria Serena,1206,Kashiwabara Takuji,25,17,f5f6e6f4e3c5c4d6b5d3e7f7c6b3g4d8g5c7g6a6b6d7c8b8a4b4f8a7a3f3d2g3e2f2a2c3c2b7h3g2e1g1f1h1h2e8a8a5d1c1b1b2a1h4h5h6h7g7g8h8
244,Ferrara Open,2469,Caviola Leonardo,1206,Kashiwabara Takuji,30,16,f5d6c3d3c4f4f6f3g4g5e3h3g3f2e6h4g6f7h6d7f8e2d2c5c7c6b5b6e8h5h2a5d1e1f1e7d8b4b3g7a3a4a6h7h8g2h1c2b2g8b1a1c1a2a7a8b8c8b7g1
244,Ferrara Open,3179,Foschi Damiano,1206,Kashiwabara Takuji,25,30,f5d6c4d3c5f4e3f3c2c6d7f6b6c3d2b5a4b4f2a5a3a2b3e2e6c1g5d1g4g1a6a7b2g6f7c7g3h3e1f1h5h4h2e7d8c8b8e8f8h7g2h6h8h1b7a8b1g8g7a1
399,Korea King of Kings,2055,Oh Joung-Mok,3676,Ahn Taeyoung,29,35,f5d6c3d3c4f4f6f3e6e7d7b3e3e2d2b4b5c5c6c1c2a6d1e1a3a5g4g3f1g1f2h5b2a4a2b6f8c7a7d8h4e8h6h3h2f7g5g8b8c8h8g6g2h1h7g7b7b1a1a8
399,Korea King of Kings,3676,Ahn Taeyoung,2055,Oh Joung-Mok,37,30,f5d6c3d3c4f4c5b3c2e6c6b4b5d2e3a6c1b6f3f6f7e2d1f1e7e1a5b1a4a3d7c7b8d8f2g1e8g3c8g8g4h4b7a8f8a7h8g5h5h6h3g6h7g7h2g2h1a1b2a2
399,Korea King of Kings,2055,Oh Joung-Mok,3329,Kim Jungsoo,38,34,f5d6c3d3c4f4f6g5c6e3d7b4c5c7e6f7d2b5b6c8a3e2a4b3e8d1d8f8g3g4e7b8h5h6h3h4h7g6f2f3c1e1f1c2g7a5g2a2b7g8a6h1h8h2g1a8a7b1a1b2
399,Korea King of Kings,3329,Kim Jungsoo,2055,Oh Joung-Mok,16,15,f5d6c3d3c4f4f6f3e3b4b5e6a5e2g4c5d2f2e1g5h6g6b6h4h7h3d7g3e7c1g1c2d1e8b3b2f8g8f7a4a1b1g2h5h2f1a2a3g7c8c7h8h1d8c6b8b7a8a7a6
399,Korea King of Kings,2055,Oh Joung-Mok,3531,Kim Dongkwon,55,37,f5d6c3d3c4f4f6g5e6f7d7c5g3e3d2e7c6b5b6b4f2e2f3g4a3h3e8c8d8a4e1c2b8f8g8c7a6a2b1f1g1d1c1b3h6g7h5g6b7a5a1a7a8h7h8h4g2h1h2b2
399,Korea King of Kings,3329,Kim Jungsoo,3676,Ahn Taeyoung,32,28,f5d6c3d3c4f4f6f3e3b4b5e6g4g6c5c6a5d2d7e7c7d8c8f7e8f8g5b8c2e2e1d1f1f2c1h3h4h5g3b6a6h2h7b7a8a7g8a3b3g1h1h6g2b2g7h8b1a1a2a4
54,Open Idf 1,1843,Levy-Abegnoli Thier,1,Tastet Marc,37,33,f5d6c3d3c4f4c5b3c2e3d2c6b4a3g3g4b5a4a6f6f2e6a5a7d7f3e2h3g2d1e1c1b1h1g5e7b6c8c7g1f1b8f7h6h5h4d8b7a8e8b2f8a2g6g7g8h8h7h2a1
54,Open Idf 1,60,Collay Frederic,1,Tastet Marc,19,26,f5d6c4d3e6f4e3f3c6f6g5e7d7g6g3h5g4c5h6h7c7d8c8f7f2h4d2e2g2h3e1b3b6b5a6c3c2b4a3b8e8f8h2h1g7a4a5g1f1d1c1b1b2a1a2a7b7g8h8a8
54,Open Idf 1,1,Tastet Marc,303,Busuttil Michel,56,39,f5f6e6f4g5e7f7c5f3g4e3h5g6g3e8d2e2d3f2f1h6d7h3h7d6c6d1d8c1g1h4h2c8g8c3c7f8b8c4b4b3a3b2b5c2e1a2a1b1g7h8h1a8b7b6a6a7g2a5a4
54,Open Idf 1,3433,Levy Marc,1,Tastet Marc,3,18,f5d6c3d3c4f4c5b3c2e3d2c6b4a3g3g4f3c1b5f2e2a4a6d1e7h4e1f1d7g5g2g6f6f7g1h1h6e6f8h5h3h2h7h8b1a1a2b2a5c8d8g7b8a7b6c7g8b7e8a8
54,Open Idf 1,1,Tastet Marc,3207,Touchene Fouad,51,43,f5d6c5f4e3c6d3f6e6d7g3c4b4b3g5c3b5a5a4a3b6a6f7g6e7e2d2h5g4d1c2c1b2f3h6h3c7g7h8f8h4g8h2d8h7b1e8g2a1a2a7b7a8b8c8f1e1f2g1h1
54,Open Idf 1,60,Collay Frederic,1843,Levy-Abegnoli Thier,23,32,f5f6e6f4g6d6g4f7d3e3c5c6g3g5e7h4h5c7d7b6e8c8e2d8f8g8b4c4h3f3c3a4a5a6b5h6h7e1a7b3c2d2a3f2d1c1f1g1b7b8b2a1g2a2b1a8h1h2g7h8
54,Open Idf 1,303,Busuttil Michel,1843,Levy-Abegnoli Thier,12,3,f5f6e6f4e3d3f3c5g4d6c4e2f2g5c3h3h4d2g6g3c1d1f1e1h2h7e7h5c7h1f7g2h6g1b4g7h8c2b1a1b2b3a2a3a4b5d7c6d8e8b6a6a5c8a7f8g8b7
54,Open Idf 1,1843,Levy-Abegnoli Thier,3433,Levy Marc,30,18,f5d6c5f4e3c6d3f6g4c4b4b3b5a4a6a3b6c3g6g5f7e7h6f8c7e6c2a5d7a7d8e8g8c8b8g7h8h7b7h5h4a8b2a2a1d2c1b1d1e2f1f2g2g1g3e1h1h3f3h2
54,Open Idf 1,2334,Cluzon Gilles,1843,Levy-Abegnoli Thier,23,41,f5f6e6f4d3d6f3c4g6e3f7g5g4h5h4h3g3e7c7c6h6h7d2h2d8c2c3f2e2c5d7d1c1c8e1f1b3b4a5a4b5a6b6e8g8b7g1f8b8a8a7a3b2b1a1a2g7h8g2h1
54,Open Idf 1,4,Andriani Bintsa,60,Collay Frederic,29,34,f5f6e6f4d3d7f3e3g4g5e2c5d6c4e7c7c6f8d8c8g3h4b4e8b5c2c3b3h6d2d1h5h3a5a3b6g6f1f7a4c1e1g1f2b7a8b8a2g2h1a6a7b2b1a1g7h8g8h7h2
54,Open Idf 1,4,Andriani Bintsa,3433,Levy Marc,20,23,f5d6c4d3c5f4e3f3g4c3e6e7d2g6f6g5c7h3g3f2h4h5f1e2f8c1d1c2f7h2h7b4a3b6b3c6b5a6a5d7e8c8b2d8g7a4a7h6h1h8b7a1g2g8e1a2b1a8b8g1
54,Open Idf 1,2334,Cluzon Gilles,4,Andriani Bintsa,0,0,f5d6c3d3c4b3c6b6d7e8a2b5c2c1b4a3a4a5a6c5d2c7d8c8b7e6f6a8b8a7b1a1b2e7f8e1d1g8f1e2f3g1e3g3g4f2h3f4f7g5h5g6h7g7h8h6h4h2
54,Open Idf 1,4,Andriani Bintsa,1947,Lecat Monique,41,46,f5f6e6f4c3c4d3c5d6e3g5e2g3g4f3f7d7c8h4d2e7f8g6f2c2h3d1h5e1f1g1b3b5b6c6a4d8e8c7b4g2b1c1h1a6b8a2a7a8b7h2a3a5b2g8g7h8h7h6a1
54,Open Idf 1,3447,Ovion Alix-Anne,4,Andriani Bintsa,10,11,f5f6e6f4e3c5c6d3c4f3d2d6g3f2g4e2g5g6f1h5d7h4f7h3h6h7g2e7e8b4g7h8g8h2c3d1a4b6e1f8c1d8c7b5a6h1g1c8b7a8b8a7b1c2b3a5a3a2b2a1
54,Open Idf 1,60,Collay Frederic,3207,Touchene Fouad,47,34,f5d6c5f4e3c6e6f6g3c4g5d3c2d2d7d8b4b5f7a3c3e2d1f3b3f2g4c1a5e1e7e8b6c7c8b8g1h6f8g8a4f1b1a6h5h2h3h4b7a2g2b2h1g6h7g7a7a8h8a1
54,Open Idf 1,1947,Lecat Monique,60,Collay Frederic,26,25,f5f6e6f4e3d6g5f3g3h6f7e7d3g4c6c5c7d7h4e2d2c4e1f2f1g6b4c1c8b5f8c3a5b6h5a6a4e8d8a3d1h3c2g1b3h7b7a8a7b8g7b2a1a2b1h8g8h1h2g2
54,Open Idf 1,3433,Levy Marc,303,Busuttil Michel,25,41,f5d6c4d3c3f4f6f3e6e7d7c5b6b5e3d8g4c2c7g6g5e2e1f2c6d1d2f1g3c8f8a6h6h3f7c1h4e8b8h5a4a5a7b4a3b3a2h7g2g7g1b2a1b1h8g8h2h1a8b7
54,Open Idf 1,303,Busuttil Michel,1947,Lecat Monique,33,26,f5d6c3d3c4f4f6f3e6e7d7g5f8c5g6e3h4h6c6c7c8f7g8b3d2c1c2d1e1f1e2f2a3b4b6b5a6a5a4d8e8a7b2a1a8h7h5h3g4g3g2b8b7h8g7a2g1h1h2b1
54,Open Idf 1,3433,Levy Marc,3207,Touchene Fouad,47,29,f5d6c4d3c3f4c5b3c2b4e3e2d2f3b6g6a5c6b5a4e7d7d8a6f1c7f2e6c8f8e8e1d1b8g5f6g3g4h4h2h5b1c1g1h3b7h1b2a1g2a2a3h6h7g7a8a7g8h8f7
54,Open Idf 1,3207,Touchene Fouad,2334,Cluzon Gilles,50,38,f5d6c4f4f6d3c3f3e6e7f7c5e3e2d8g4b6g6g5c6d7c7b5h6h3h4c8d2c2a6b3b4a3a4d1e1b2c1b1a1a2g8f8g7a5b8a8a7h8h2h7e8h5h1b7g2f2g3g1f1
54,Open Idf 1,1947,Lecat Monique,2334,Cluzon Gilles,27,29,f5d6c5f4e3c6e6d3c4f3g4b6c3b5b4a3d7d2a5e8c8e7e2b3f6c2f2e1c1a4a2d8f8g5c7f7h6a6a7f1g3d1g1h3h4g2g8b2a1h5g6b1h1h2b7a8b8h8g7h7
54,Open Idf 1,2334,Cluzon Gilles,3447,Ovion Alix-Anne,58,55,f5f4e3d6e6f6c4e2g4d3d2f3f2h4c5b4c3e1d1c1f1g1g6g5h5g3h3h6h7g7b3h2h1b2b1g2c2g8h8e7f7f8e8a1a2d8c8a3
26,Open Idf 2,1,Tastet Marc,4,Andriani Bintsa,49,38,f5d6c5f4e3c3e6f6d3c4b5b3d7c7b4c6b6a3a4a6c8a5f3e8c2c1b2d2b1e2d1g3d8b8f2e7h4h2h3h5g4g2g6h6h1g5f7e1h7f8g7h8g8a1a8g1f1b7a7a2
26,Open Idf 2,3433,Levy Marc,1,Tastet Marc,26,23,f5d6c4d3c3f4c5b3c2e6c6b4b5d2e3a6c1d7e7f6a4e2f1b6f7a5a7e8f2d1a3e1g4g5h5f3c8d8g6g3h2f8c7b1a1b8g2a2g1a8b2b7g7h4h3h1g8h8h6h7
26,Open Idf 2,3207,Touchene Fouad,1,Tastet Marc,20,21,f5d6c4d3c5b4d7f4e3f3g4c6f2e6c7f6b5e7e8f7g5d8d2f8b6g6h6c8c2g3b7h5h4c3a5a4h7h3h2a8a3d1e1e2c1b3a2a6f1g7b8a1g2h1g1a7h8g8b2b1
26,Open Idf 2,1,Tastet Marc,1848,Benoit Serge,59,51,f5d6c5f4e3d3f3e2c4c3f2g5c6b6g6d2e6g3h5b4b5a4d7e7b3c2g4f6c7h3h4f1h2h7f8b8c8d8g2g1e8f7a8b7a5a6a7h1h6g7h8g8e1b1d1c1b2a1a2a3
26,Open Idf 2,1,Tastet Marc,2334,Cluzon Gilles,52,44,f5d6c5f4e3d3f3e2c4c3c6g6e6g5g4e7f6d7d8f8c7b3b4a5c8f7e8b8h5f2g3b6d2e1c1d1b5a6f1h6h4g7a4a3h8h7g8h2h3g2h1g1c2b1a1b2a2a7b7a8
26,Open Idf 2,3207,Touchene Fouad,4,Andriani Bintsa,31,36,f5d6c4d3c5f4e2d2f3e3f2e1c3c2f1g4e6d1g5g1h4g3f6h6h3e7c7g6h5h2d7c8e8f7b1b6c6b5b3b4f8a3a6c1h1g2h7d8b8g7a2b2a5a1a4a7b7a8g8h8
26,Open Idf 2,303,Busuttil Michel,4,Andriani Bintsa,30,32,f5f6e6f4g5e7f7c5e8h5g4h4f3g3h3e2h6g6d6e3f2d7d1d8d2f8c8f1c7c6e1c1d3c4g8g1b6h7b5h2b4a4c3a7a3b7a5c2b3a6a8b8g7h8b2a2g2h1b1a1
26,Open Idf 2,4,Andriani Bintsa,2334,Cluzon Gilles,62,51,f5d6c4f4f6d3e6b5c3b3f3g4e3d7c5b4g6g5e7d2e2f8c7g3c6f1b6c8f2e1e8d8f7g8h6h4h2g2h5h7a5a4h1g1d1c2a6a7a2b2a1b1a3c1a8b7b8h8h3g7
26,Open Idf 2,4,Andriani Bintsa,61,Betin Dominique,35,37,f5d6c4f4f6g5g6e3e6c5f3g4e2d7e7d3c2c3h3d2g3e1h6f8d8f7c8c7b6h4h5f2f1c1c6b5e8b8b7g8d1g1g2h7h8a8b3a7b4a4g7b2a1h1h2b1a2a3a5a6
26,Open Idf 2,3433,Levy Marc,3207,Touchene Fouad,29,27,f5d6c4d3c3f4c5b3c2b4e3f3g4c6f2e6d2g6a3c1a4d1e2e1f1g1f6h4b5g3h6b6h3g5h5a5f7a2b2g8a7g2e8c7c8b7d7d8a8a1b1a6e7f8h8b8h1h2g7h7
26,Open Idf 2,303,Busuttil Michel,3433,Levy Marc,14,15,f5d6c3d3c4f4f6f3e6e7d7g6d8c5b6b5b3e3c6b4a3a4a5c2g5f7g4e8f2e2c1c8g8c7h6h3h5g3d1f1d2b7e1b1g2h1g1h2a1h4g7f8a7a8b8h7b2h8a2a6
26,Open Idf 2,2334,Cluzon Gilles,3433,Levy Marc,14,22,f5d6c4d3e6f4e3f3c3c5g4c6b5b6d7a5b4e7a4g3c2c8f6c7f8h4e8a3e2f2a6d1f1d8b8g5h3a7g6h2d2c1b1a1b2f7g7e1g1h8h7g8h5h6b7a8b3a2g2h1
26,Open Idf 2,3207,Touchene Fouad,303,Busuttil Michel,44,40,f5f6e6f4g6c6g5d6c5e7f7h5d7f8e8c7b6c8d8h6d3c3b3d2e1a3e3c1c2d1b1b5c4a6a5f3e2b4a4f2g7h8g8b7g3g1h4g2g4h3h1f1h2a1h7a2b2a8b8a7
26,Open Idf 2,61,Betin Dominique,3207,Touchene Fouad,22,24,f5d6c5f4d3e3g4g5f3c4e6e2g3f7c6f6c7d7h5g6e1b4f8h4h3h6h7e7c8d2b3c3d1c2f2c1a5a4b6b5a6d8e8b2a3a2a1b1g7b8a8h8g8h2g2h1g1f1b7a7
26,Open Idf 2,303,Busuttil Michel,1848,Benoit Serge,43,39,f5d6c3d3c4f4f6g5e3f3g4h3g3f2h4h5h6h7g6h2c6e2d2c5d7b4b3b5c2f7e6e7a6a5f1a7a4a3e8f8b6d8c8e1g8c1g2b7d1h1g1c7b8g7a8h8a2b2b1a1
26,Open Idf 2,3447,Ovion Alix-Anne,303,Busuttil Michel,8,6,f5f6e6f4g5e7d3g4e8g6h5d7g3d8f7f8c7c6c5d6c8b8b7b5b6a5a6c4b4h6a4g8h7a8g7h4a7h8c2e3h3d2h2f3f2b2b3c3a3a2a1g1d1c1b1e2e1f1h1g2
26,Open Idf 2,1848,Benoit Serge,230,Ovion Jacques,19,35,f5f6e6f4e3d6c4f3g4g3g5h4f2h3h6h5h2c3g6f1e2c5b4b3d2a3b6c6b5a4a5a6d7d3d1e7c2e8c8f7c7d8f8e1c1g8g1g7b7a8h8h7b2a1a2b1a7b8h1g2
26,Open Idf 2,1848,Benoit Serge,61,Betin Dominique,58,59,f5d6c4d3c3f4e6b4c5c6e7c7f6g5d7b5b6a5c8e3a3f7a7e8d8b8g6h7h5h4h6g4h8c2b3g7h3b7f8a4a6g8a8a2b2a1d2b1e2e1f1f3c1d1g3h2g2g1h1f2
26,Open Idf 2,1848,Benoit Serge,3447,Ovion Alix-Anne,53,60,f5f4e3f6e6d6e7d3g5h5g4e2d2h4f3e8f2e1c4b4c3f7g3d1c5h3f1c6c1c2h6g6h2g2g1b5a5b1b2h7g7h1b3g8h8f8c7d7a1c8d8a2a3a4a6b6b7b8a8
26,Open Idf 2,2334,Cluzon Gilles,230,Ovion Jacques,35,51,f5f6d3f4e6d6e7d7f7d8c6f8g3c4c5b6g5b4b5a4c7c3b3e2e3f3g4c8g6h6e8f2d2e1h5h3h4a3a5a6c2b1c1d1g1b2g7h8h2h7g8h1f1g2a1a2a7b7a8b8
26,Open Idf 2,3447,Ovion Alix-Anne,2334,Cluzon Gilles,0,0,f5d6c5f4e3d3c3e2f3d2e1f2e6f1d7c4b4d1c2b3g1h1a3g2c1b1h2h3g3g4h4h5g5g6a5a4a2b2b6c6a1a6b5a7c7b7e7
26,Open Idf 2,61,Betin Dominique,3447,Ovion Alix-Anne,45,58,f5f4e3f6e6c5g5h5d6f3g4h4g3e2f2f1c4d7d3b4h6g6h3d2d1e1g1g2h2c1c2a4c3h1a5a6h7g7b1b2b6c6a1a2a3a7b3b5a8g8h8f8e8e7f7d8c8c7b7b8
434,Singapore Open,3713,Kurniawan Samuel He,2870,Leong Chee Kit,21,22,f5d6c5f4e3c6d7c7d3f3e6f7e7f6g6f8g5c8e8d8c4g4h4g8b6h3f2h5h6h7g3h2g2b3c3h1e2e1d2d1a3a6b7b4a4a5a7b5c2c1b8a8b2a2a1b1f1g1g7h8
434,Singapore Open,3731,Sia Cheng Yong,3713,Kurniawan Samuel He,31,33,f5d6c5f4e3g5f3c4d3c3e6d7g4f6h6d2g6b4b6b5f7e2f2g3c1h4c2h5e7d1e1h7c8e8g8c6h2g1f1b1c7a6b3f8d8b7a3a5a8b8a4h8a7h3b2h1g7a1a2g2
434,Singapore Open,3713,Kurniawan Samuel He,3732,Muhammad Abduh,43,35,f5d6c5f4e3c6d7e6f6d3c7g4e7b5b4b3a5f3g5h6h4g6h5h3c4f7g3a6a7b6f8f2c3a3c2d2c1e1d1d8e2f1c8b8g1g2h1h2h7b7e8g7h8g8a8b2a1a2a4b1
434,Singapore Open,3733,Chu Chee Chin,3713,Kurniawan Samuel He,21,27,f5d6c5f4e3g5f3c4d3c3e6d7b4f6g4e2c7d2f2h3h4h5d8b3g3f1d1b6b5e1g1c2h6h7g2g6e7c6a3a6a4a5a7b2g7h8g8f8f7e8b7c8a1a2b8a8b1c1h1h2
434,Singapore Open,2896,Koh Bo Xiang,3713,Kurniawan Samuel He,49,40,f5d6c4d3c3b3d7f4f3e6f6g5g4e3g3g6h4h5c5e7f2d2b4a4f8e8f7e2h3f1c1e1h7h2d8b6b5a6a5c6c7b7c2c8d1b8a3b1b2g8a8a7h8h6g7a2h1g2g1a1
434,Singapore Open,3713,Kurniawan Samuel He,2869,Koh Bo Chao Alex,5,1,f5f6e6f4f3c5c6e3g5e7d7g6g4d6d2h5c7d8c8f7f8e8b4h3h4b5a5c4b6d3e2g7h6h8h7g8c3b8h2h1g3b7g2f2f1g1e1d1c1c2b2a1a3b3a2b1a4a8a7a6
106,U.S. Open,1974,Chitra Yohanes,2726,Takigawa Mitsuaki,51,48,f5f6e6f4e3d6e7f3c6f7c5e8g4c4g5b4d7d3g6d8c7b5c8b8f2b6g8g3h4f1e2g2c3c2d2c1b3d1h1h6h5a3h7g7h8h3h2g1a5a4a2b2f8a6b7a8a7a1b1e1
106,U.S. Open,2726,Takigawa Mitsuaki,1974,Chitra Yohanes,21,26,f5f6e6f4g6c6g3f3c5d6c4b5c3e7e3d3g5f7b4h6d7e8c7b6f8g8c8c2a4a6c1a3a5h4e2b3b2a1a2e1f2d2f1b1g4d1h5h3d8g7h8h7g2h1a7b7b8a8g1h2
106,U.S. Open,1974,Chitra Yohanes,2726,Takigawa Mitsuaki,35,46,f5f6e6f4e3d6e7f3g6d7g5d3c4c5c6g4f7c7h3e8f8b3g3h4h5h6d8c8h7g8b4b6a6c3b5a4a5a7f2g1b7g7f1e1e2c2d2d1a3b2a8h2h1g2a2a1c1b1h8b8
106,U.S. Open,758,Ruby Kevin,1974,Chitra Yohanes,21,29,f5d6c3d3c4f4e3f3g4e2d2b4g3f2d1f1e1c1c2g1a5h3b5a6a7b1c6c5a4b6f6a3a2b3c7d7e8g6g5h4h6e6e7f7g2h5f8h7g7h8g8d8c8b8b7a8b2h2h1a1
106,U.S. Open,1974,Chitra Yohanes,3725,Ditmer Jonathan,51,46,f5d6c3d3c4b5c5b3c2d1a3a4a5e3d7f6e6b4a2g6g4f4g5h4f7f8c1b1d2c8e2c7d8e8e7c6g3b6a6f3f1h3f2g2e1g1a7b2h5h6h1h2a1h7g7h8g8b8b7a8
106,U.S. Open,3726,Gowder Conor,1974,Chitra Yohanes,11,21,f5d6c5f4d3c4e3e6f6g5h4c3d7d2g6g4f7c6f3h5h6c7h3d8b4e7e8f8b5e2c8b8c2b6a6a3b3a4e1g8a5a7b7a2b2a1b1c1d1g7h7f1f2g1g2h8h2h1g3a8
106,U.S. Open,2726,Takigawa Mitsuaki,758,Ruby Kevin,48,45,f5d6c4d3e6f6e7b4c6f7d7f3c5f4a3a4a5b5e3d2c3b3a2b6a6c8e8f8d1d8a7c7f2c2e2c1e1f1g4g5g3h5h4h3g7g6h7h8h6b2g1h1a1g2b1h2g8b7a8b8
106,U.S. Open,2726,Takigawa Mitsuaki,3726,Gowder Conor,58,56,f5d6c4f3f4d3e6c6c5e7e3b3f6e2c3g3f7g5e8d8c8d7a3b4d2e1a4c2b6b5f8c7a5a6a7b2a2b7a1b1c1g7d1f1h8g6g8h7b8a8f2g4h2g2h1g1h3h6h4h5
106,U.S. Open,758,Ruby Kevin,3725,Ditmer Jonathan,48,40,f5d6c3d3c4f4e3f3g4g3f6h4e6c6g5e2c5d2c2b6b5f7d1e7g6a4d7c8c7d8e1f2h3h5f1h2h7g1a6b4a5c1a3g7f8a7h8a2h6b3e8g8h1g2b1b2a1b7b8a8
106,U.S. Open,3726,Gowder Conor,758,Ruby Kevin,11,9,f5d6c6f4d3e3f3e2f6e6d1c3c4d2e7f1c5b4f2d7b3f8c8b5c1c2c7a3a5a6e1a4d8b1b2b6b7a7a2a1g6h7a8f7b8e8g8g1g2h1h2h3g3h4g4g5h6h5h8g7
106,U.S. Open,3725,Ditmer Jonathan,3726,Gowder Conor,35,41,f5d6c3f4e6d3c4b4c6e7c5d2a3b3f6d7c8g5f8d8e8f7c2a5h4b5g4h5h6b6g8g6a6a7d1c7a2e2f2e3b2e1b8c1f3g3h3g2b1a1a4g7a8b7h1h2h7h8f1g1
